meta_epoch,task_model_epoch_1_support_loss,task_model_epoch_1_support_loss_d,task_model_epoch_1_support_loss_s,task_model_epoch_1_task_learning_rate,task_model_epoch_2_support_loss,task_model_epoch_2_support_loss_d,task_model_epoch_2_support_loss_s,task_model_epoch_2_task_learning_rate,task_model_epoch_3_support_loss,task_model_epoch_3_support_loss_d,task_model_epoch_3_support_loss_s,task_model_epoch_3_task_learning_rate,task_model_epoch_4_support_loss,task_model_epoch_4_support_loss_d,task_model_epoch_4_support_loss_s,task_model_epoch_4_task_learning_rate,task_model_epoch_5_support_loss,task_model_epoch_5_support_loss_d,task_model_epoch_5_support_loss_s,task_model_epoch_5_task_learning_rate,meta_model_validation_f1_score_percent,meta_model_validation_loss,meta_model_validation_loss_d,meta_model_validation_loss_s
1,2.0484514236450195,1.849575400352478,0.19887590408325195,0.001,2.0298573970794678,1.845469355583191,0.18438805639743805,0.0009045084971874737,2.015988349914551,1.8418540954589844,0.17413413524627686,0.0006545084971874737,2.0111634731292725,1.839327096939087,0.17183630168437958,0.00034549150281252633,2.007354736328125,1.8380050659179688,0.16934968531131744,9.549150281252633e-05,3.97072605443652,1.8470611572265625,1.8446437120437622,0.0024174153804779053
2,2.040276050567627,1.8446437120437622,0.19563230872154236,0.001,2.0177700519561768,1.8406299352645874,0.17714017629623413,0.0009045084971874737,2.002332925796509,1.8371659517288208,0.16516703367233276,0.0006545084971874737,1.9959465265274048,1.8347364664077759,0.1612100899219513,0.00034549150281252633,1.9947412014007568,1.833445429801941,0.1612958312034607,9.549150281252633e-05,3.9494047278856423,1.8422493934631348,1.839836597442627,0.0024127643555402756
3,2.039280414581299,1.839836597442627,0.19944390654563904,0.001,2.0162694454193115,1.836162805557251,0.18010663986206055,0.0009045084971874737,2.0046744346618652,1.8328759670257568,0.17179837822914124,0.0006545084971874737,1.9987969398498535,1.830460786819458,0.16833609342575073,0.00034549150281252633,1.994553804397583,1.8291887044906616,0.1653650403022766,9.549150281252633e-05,3.6869889458929563,1.837664008140564,1.835250735282898,0.0024132353719323874
4,2.0296144485473633,1.835250735282898,0.19436371326446533,0.001,2.012730836868286,1.831787347793579,0.1809435486793518,0.0009045084971874737,2.002189874649048,1.8285307884216309,0.17365911602973938,0.0006545084971874737,1.9949606657028198,1.8261537551879883,0.16880691051483154,0.00034549150281252633,1.9892359972000122,1.8248770236968994,0.16435901820659637,9.549150281252633e-05,3.1831485280789327,1.833195686340332,1.8307849168777466,0.0024107671342790127
5,2.027808904647827,1.8307849168777466,0.1970239132642746,0.001,2.0051357746124268,1.8275949954986572,0.17754071950912476,0.0009045084971874737,1.9936712980270386,1.8243682384490967,0.16930308938026428,0.0006545084971874737,1.9859435558319092,1.8220138549804688,0.16392964124679565,0.00034549150281252633,1.9798800945281982,1.8207368850708008,0.15914326906204224,9.549150281252633e-05,4.067098258947235,1.8288885354995728,1.8264809846878052,0.00240756175480783
6,2.0246472358703613,1.8264809846878052,0.1981663703918457,0.001,2.0032341480255127,1.8234126567840576,0.17982152104377747,0.0009045084971874737,1.9931601285934448,1.820251226425171,0.17290887236595154,0.0006545084971874737,1.985675573348999,1.8178679943084717,0.16780751943588257,0.00034549150281252633,1.982643723487854,1.8166003227233887,0.16604337096214294,9.549150281252633e-05,4.206600343592984,1.8246208429336548,1.8222122192382812,0.002408579457551241
7,2.0212299823760986,1.8222122192382812,0.1990177035331726,0.001,1.9981541633605957,1.8192839622497559,0.17887017130851746,0.0009045084971874737,1.989144206047058,1.8161956071853638,0.17294859886169434,0.0006545084971874737,1.981986165046692,1.8138536214828491,0.16813252866268158,0.00034549150281252633,1.9792211055755615,1.8125877380371094,0.16663336753845215,9.549150281252633e-05,4.367070856042919,1.8204529285430908,1.8180423974990845,0.0024105075281113386
8,2.013327121734619,1.8180423974990845,0.19528469443321228,0.001,1.9905555248260498,1.8151211738586426,0.17543438076972961,0.0009045084971874737,1.9793589115142822,1.8120509386062622,0.1673080027103424,0.0006545084971874737,1.9689596891403198,1.8097374439239502,0.15922224521636963,0.00034549150281252633,1.9652365446090698,1.8084930181503296,0.15674349665641785,9.549150281252633e-05,4.666122463284465,1.8162786960601807,1.8138701915740967,0.002408520318567753
9,2.010822057723999,1.8138701915740967,0.19695179164409637,0.001,1.9839426279067993,1.8111025094985962,0.17284013330936432,0.0009045084971874737,1.970870018005371,1.8081169128417969,0.16275304555892944,0.0006545084971874737,1.96211576461792,1.8058260679244995,0.15628963708877563,0.00034549150281252633,1.9614558219909668,1.8045934438705444,0.15686236321926117,9.549150281252633e-05,4.114364301049682,1.8122342824935913,1.8098267316818237,0.0024075484834611416
10,2.0120482444763184,1.8098267316818237,0.20222148299217224,0.001,1.9897048473358154,1.8072545528411865,0.18245023488998413,0.0009045084971874737,1.9794673919677734,1.8042868375778198,0.17518053948879242,0.0006545084971874737,1.9671968221664429,1.8020164966583252,0.1651802957057953,0.00034549150281252633,1.966415286064148,1.8008004426956177,0.16561482846736908,9.549150281252633e-05,3.4873474862085687,1.8082913160324097,1.8058816194534302,0.0024097233545035124
11,2.006661891937256,1.8058816194534302,0.20078039169311523,0.001,1.98459792137146,1.80325186252594,0.18134605884552002,0.0009045084971874737,1.9706385135650635,1.8002727031707764,0.17036586999893188,0.0006545084971874737,1.963401198387146,1.7980722188949585,0.1653289794921875,0.00034549150281252633,1.9576483964920044,1.7968716621398926,0.16077673435211182,9.549150281252633e-05,3.512884116414281,1.8043493032455444,1.801942229270935,0.0024070446379482746
12,1.9968948364257812,1.801942229270935,0.19495263695716858,0.001,1.9747638702392578,1.7993495464324951,0.17541435360908508,0.0009045084971874737,1.9621247053146362,1.79629385471344,0.1658308357000351,0.0006545084971874737,1.9568628072738647,1.7940864562988281,0.162776380777359,0.00034549150281252633,1.9500627517700195,1.7928811311721802,0.15718168020248413,9.549150281252633e-05,3.4479638022959382,1.8004001379013062,1.7979947328567505,0.002405372681096196
13,1.999127984046936,1.7979947328567505,0.20113323628902435,0.001,1.973605751991272,1.7953062057495117,0.17829957604408264,0.0009045084971874737,1.963426947593689,1.7923660278320312,0.1710609346628189,0.0006545084971874737,1.9565798044204712,1.7901345491409302,0.16644521057605743,0.00034549150281252633,1.9520862102508545,1.788895845413208,0.1631903052330017,9.549150281252633e-05,3.850422819883386,1.7964357137680054,1.794027328491211,0.002408361993730068
14,1.99713933467865,1.794027328491211,0.20311199128627777,0.001,1.9743399620056152,1.7917051315307617,0.18263477087020874,0.0009045084971874737,1.9561282396316528,1.7887433767318726,0.16738483309745789,0.0006545084971874737,1.9507321119308472,1.786547303199768,0.16418485343456268,0.00034549150281252633,1.9469960927963257,1.7853363752365112,0.16165973246097565,9.549150281252633e-05,3.9483051446840203,1.79262113571167,1.7902145385742188,0.002406544517725706
15,1.9859387874603271,1.7902145385742188,0.19572430849075317,0.001,1.9665393829345703,1.7876988649368286,0.1788405030965805,0.0009045084971874737,1.9537838697433472,1.7847957611083984,0.16898810863494873,0.0006545084971874737,1.943048119544983,1.782583475112915,0.16046461462974548,0.00034549150281252633,1.940958023071289,1.7813763618469238,0.15958172082901,9.549150281252633e-05,4.303160106749929,1.7887279987335205,1.7863199710845947,0.002408072119578719
16,1.9848124980926514,1.7863199710845947,0.19849257171154022,0.001,1.960695505142212,1.7839974164962769,0.17669811844825745,0.0009045084971874737,1.9500253200531006,1.7811447381973267,0.1688806116580963,0.0006545084971874737,1.9405525922775269,1.778969407081604,0.16158321499824524,0.00034549150281252633,1.9351978302001953,1.7777397632598877,0.15745800733566284,9.549150281252633e-05,4.130209439617795,1.784932017326355,1.7825324535369873,0.002399530727416277
17,1.9814608097076416,1.7825324535369873,0.1989283561706543,0.001,1.9560446739196777,1.780207872390747,0.1758367419242859,0.0009045084971874737,1.9440972805023193,1.7773711681365967,0.16672615706920624,0.0006545084971874737,1.937489628791809,1.7751823663711548,0.1623072773218155,0.00034549150281252633,1.9301784038543701,1.7739976644515991,0.15618079900741577,9.549150281252633e-05,5.081635394357384,1.7811471223831177,1.7787436246871948,0.0024034716188907623
18,1.9822955131530762,1.7787436246871948,0.20355187356472015,0.001,1.9529895782470703,1.7766070365905762,0.17638252675533295,0.0009045084971874737,1.934374451637268,1.773779034614563,0.1605953723192215,0.0006545084971874737,1.9288314580917358,1.771588683128357,0.1572428196668625,0.00034549150281252633,1.9244890213012695,1.7703759670257568,0.1541130393743515,9.549150281252633e-05,3.2505211020421303,1.777445912361145,1.7750334739685059,0.0024124744813889265
19,1.9706671237945557,1.7750334739685059,0.19563359022140503,0.001,1.9486478567123413,1.7728185653686523,0.17582926154136658,0.0009045084971874737,1.9335663318634033,1.7700450420379639,0.16352131962776184,0.0006545084971874737,1.926931381225586,1.7678619623184204,0.15906943380832672,0.00034549150281252633,1.9221794605255127,1.7666282653808594,0.1555512249469757,9.549150281252633e-05,4.3124743945205495,1.7736941576004028,1.7712900638580322,0.0024041212163865566
20,1.9719650745391846,1.7712900638580322,0.20067498087882996,0.001,1.9448057413101196,1.7689887285232544,0.17581701278686523,0.0009045084971874737,1.9316236972808838,1.7661786079406738,0.16544508934020996,0.0006545084971874737,1.9261842966079712,1.7640012502670288,0.16218307614326477,0.00034549150281252633,1.9224916696548462,1.7627742290496826,0.15971739590168,9.549150281252633e-05,5.166678027329837,1.7698899507522583,1.7674906253814697,0.002399328164756298
21,1.9698580503463745,1.7674906253814697,0.20236746966838837,0.001,1.9412139654159546,1.7652950286865234,0.17591890692710876,0.0009045084971874737,1.9284576177597046,1.7624945640563965,0.1659630835056305,0.0006545084971874737,1.9180480241775513,1.7602845430374146,0.15776346623897552,0.00034549150281252633,1.915740966796875,1.7590618133544922,0.1566791534423828,9.549150281252633e-05,5.331292512234115,1.7661306858062744,1.7637397050857544,0.0023910105228424072
22,1.9605393409729004,1.7637397050857544,0.19679966568946838,0.001,1.9302072525024414,1.7614184617996216,0.16878876090049744,0.0009045084971874737,1.9172683954238892,1.7586451768875122,0.15862318873405457,0.0006545084971874737,1.9113398790359497,1.7564553022384644,0.15488454699516296,0.00034549150281252633,1.9056708812713623,1.7552183866500854,0.15045252442359924,9.549150281252633e-05,4.737762060419597,1.762312889099121,1.759922742843628,0.002390173263847828
23,1.962324619293213,1.759922742843628,0.20240193605422974,0.001,1.9371271133422852,1.7577611207962036,0.17936599254608154,0.0009045084971874737,1.9260940551757812,1.7549363374710083,0.17115777730941772,0.0006545084971874737,1.915106177330017,1.7527315616607666,0.1623746156692505,0.00034549150281252633,1.9109126329421997,1.7515320777893066,0.15938052535057068,9.549150281252633e-05,4.2047908898629345,1.758563756942749,1.756176233291626,0.002387560671195388
24,1.9567724466323853,1.756176233291626,0.20059619843959808,0.001,1.9278512001037598,1.754084587097168,0.1737665832042694,0.0009045084971874737,1.9136455059051514,1.751303791999817,0.16234177350997925,0.0006545084971874737,1.9058045148849487,1.749091625213623,0.1567128449678421,0.00034549150281252633,1.9016928672790527,1.7478551864624023,0.15383771061897278,9.549150281252633e-05,5.455041339761844,1.7548435926437378,1.7524542808532715,0.0023893131874501705
25,1.9480036497116089,1.7524542808532715,0.19554933905601501,0.001,1.9182112216949463,1.7504076957702637,0.167803555727005,0.0009045084971874737,1.9031293392181396,1.747665286064148,0.1554640531539917,0.0006545084971874737,1.8973833322525024,1.7455230951309204,0.15186026692390442,0.00034549150281252633,1.8920881748199463,1.7443180084228516,0.1477702260017395,9.549150281252633e-05,4.965612436109592,1.7511488199234009,1.748761534690857,0.002387284766882658
26,1.9463106393814087,1.748761534690857,0.19754907488822937,0.001,1.9182592630386353,1.7465804815292358,0.17167878150939941,0.0009045084971874737,1.9063135385513306,1.7437810897827148,0.16253244876861572,0.0006545084971874737,1.8987810611724854,1.7416560649871826,0.15712493658065796,0.00034549150281252633,1.8926483392715454,1.7404454946517944,0.1522028148174286,9.549150281252633e-05,4.64642511764611,1.7474089860916138,1.7450282573699951,0.0023807587567716837
27,1.9511923789978027,1.7450282573699951,0.20616412162780762,0.001,1.922446846961975,1.7428836822509766,0.17956319451332092,0.0009045084971874737,1.9079036712646484,1.7401491403579712,0.16775450110435486,0.0006545084971874737,1.897513508796692,1.7379791736602783,0.15953436493873596,0.00034549150281252633,1.8936049938201904,1.7367839813232422,0.15682099759578705,9.549150281252633e-05,4.604577437684157,1.7436846494674683,1.7413095235824585,0.0023750732652843
28,1.9366363286972046,1.7413095235824585,0.1953267902135849,0.001,1.910084843635559,1.7389675378799438,0.17111735045909882,0.0009045084971874737,1.8931218385696411,1.7362048625946045,0.15691699087619781,0.0006545084971874737,1.8835657835006714,1.7340534925460815,0.14951232075691223,0.00034549150281252633,1.8788679838180542,1.7328453063964844,0.1460227072238922,9.549150281252633e-05,4.371867750323254,1.7398396730422974,1.737470030784607,0.002369656227529049
29,1.9342375993728638,1.737470030784607,0.19676759839057922,0.001,1.9080642461776733,1.735480785369873,0.1725834608078003,0.0009045084971874737,1.888404369354248,1.732735514640808,0.15566879510879517,0.0006545084971874737,1.8814396858215332,1.7305878400802612,0.15085181593894958,0.00034549150281252633,1.8777811527252197,1.7293444871902466,0.14843662083148956,9.549150281252633e-05,4.292017511501375,1.736193299293518,1.733806848526001,0.0023863925598561764
30,1.933146595954895,1.733806848526001,0.19933974742889404,0.001,1.906525731086731,1.7318326234817505,0.17469309270381927,0.0009045084971874737,1.8908030986785889,1.7290698289871216,0.16173332929611206,0.0006545084971874737,1.880952000617981,1.7268807888031006,0.15407121181488037,0.00034549150281252633,1.8782621622085571,1.7256618738174438,0.15260033309459686,9.549150281252633e-05,5.138169021863035,1.7325325012207031,1.730151891708374,0.0023805766832083464
31,1.927182912826538,1.730151891708374,0.19703108072280884,0.001,1.8992745876312256,1.7281838655471802,0.17109078168869019,0.0009045084971874737,1.8864221572875977,1.7254219055175781,0.16100028157234192,0.0006545084971874737,1.8773499727249146,1.7232835292816162,0.15406641364097595,0.00034549150281252633,1.8721787929534912,1.7221015691757202,0.15007716417312622,9.549150281252633e-05,4.827585375323573,1.7288802862167358,1.7264999151229858,0.002380313817411661
32,1.9258315563201904,1.7264999151229858,0.19933170080184937,0.001,1.895052194595337,1.724479079246521,0.17057308554649353,0.0009045084971874737,1.8824089765548706,1.7217395305633545,0.16066941618919373,0.0006545084971874737,1.87489914894104,1.7196205854415894,0.1552785187959671,0.00034549150281252633,1.8692361116409302,1.71842622756958,0.1508098989725113,9.549150281252633e-05,4.339880017994073,1.7252202033996582,1.7228413820266724,0.002378847450017929
33,1.917386531829834,1.7228413820266724,0.1945452094078064,0.001,1.8934669494628906,1.7208218574523926,0.17264512181282043,0.0009045084971874737,1.8769464492797852,1.7180187702178955,0.15892761945724487,0.0006545084971874737,1.8663440942764282,1.71590256690979,0.150441512465477,0.00034549150281252633,1.8622539043426514,1.7146896123886108,0.14756426215171814,9.549150281252633e-05,5.483589427634836,1.7214922904968262,1.7191367149353027,0.0023555392399430275
34,1.9102987051010132,1.7191367149353027,0.19116203486919403,0.001,1.8779240846633911,1.7172683477401733,0.16065573692321777,0.0009045084971874737,1.8655654191970825,1.7145360708236694,0.15102934837341309,0.0006545084971874737,1.8544256687164307,1.7123825550079346,0.1420431137084961,0.00034549150281252633,1.8504616022109985,1.7111676931381226,0.13929389417171478,9.549150281252633e-05,4.853516535548094,1.7178611755371094,1.715518593788147,0.002342523541301489
35,1.9063267707824707,1.715518593788147,0.19080819189548492,0.001,1.879518747329712,1.7136307954788208,0.1658879518508911,0.0009045084971874737,1.8616211414337158,1.7109123468399048,0.1507088541984558,0.0006545084971874737,1.8506226539611816,1.7087585926055908,0.14186403155326843,0.00034549150281252633,1.8454545736312866,1.7075573205947876,0.13789725303649902,9.549150281252633e-05,6.249305932019204,1.7142376899719238,1.7119157314300537,0.0023219480644911528
36,1.908909559249878,1.7119157314300537,0.19699382781982422,0.001,1.8790738582611084,1.7098183631896973,0.1692555546760559,0.0009045084971874737,1.8625462055206299,1.7071231603622437,0.1554230898618698,0.0006545084971874737,1.8530644178390503,1.705025553703308,0.1480388194322586,0.00034549150281252633,1.8460543155670166,1.7038137912750244,0.1422404646873474,9.549150281252633e-05,5.612790737565289,1.710519790649414,1.708201289176941,0.0023184705059975386
37,1.8975095748901367,1.708201289176941,0.18930834531784058,0.001,1.8698935508728027,1.7062515020370483,0.16364210844039917,0.0009045084971874737,1.8542166948318481,1.7035034894943237,0.15071317553520203,0.0006545084971874737,1.8451972007751465,1.7014195919036865,0.14377757906913757,0.00034549150281252633,1.8362928628921509,1.7002038955688477,0.13608893752098083,9.549150281252633e-05,7.859156366394937,1.7068721055984497,1.7045702934265137,0.0023018508218228817
38,1.8874505758285522,1.7045702934265137,0.18288028240203857,0.001,1.8592147827148438,1.7026705741882324,0.15654419362545013,0.0009045084971874737,1.8404217958450317,1.6999139785766602,0.140507772564888,0.0006545084971874737,1.8324748277664185,1.6977598667144775,0.13471494615077972,0.00034549150281252633,1.8274015188217163,1.6965432167053223,0.13085828721523285,9.549150281252633e-05,8.478889022746147,1.703202247619629,1.700923204421997,0.002279068809002638
39,1.889283299446106,1.700923204421997,0.18836013972759247,0.001,1.8588937520980835,1.6990761756896973,0.15981760621070862,0.0009045084971874737,1.8416602611541748,1.6963615417480469,0.14529873430728912,0.0006545084971874737,1.8323359489440918,1.6941872835159302,0.1381487250328064,0.00034549150281252633,1.8294651508331299,1.6929597854614258,0.1365053355693817,9.549150281252633e-05,9.220792738437806,1.699508786201477,1.6972769498825073,0.002231858903542161
40,1.8799375295639038,1.6972769498825073,0.18266060948371887,0.001,1.853708267211914,1.6954001188278198,0.158308207988739,0.0009045084971874737,1.8387680053710938,1.6926981210708618,0.14606986939907074,0.0006545084971874737,1.8275244235992432,1.6905173063278198,0.13700714707374573,0.00034549150281252633,1.8213083744049072,1.6893008947372437,0.1320074200630188,9.549150281252633e-05,8.438192255537883,1.6958584785461426,1.6936454772949219,0.0022130031138658524
41,1.8747069835662842,1.6936454772949219,0.1810615211725235,0.001,1.8476990461349487,1.691713571548462,0.15598547458648682,0.0009045084971874737,1.8310942649841309,1.688982605934143,0.1421116441488266,0.0006545084971874737,1.8214188814163208,1.6868354082107544,0.13458342850208282,0.00034549150281252633,1.816420316696167,1.6856186389923096,0.13080161809921265,9.549150281252633e-05,11.218135987170289,1.6921932697296143,1.6900166273117065,0.002176654990762472
42,1.8657639026641846,1.6900166273117065,0.17574727535247803,0.001,1.84187912940979,1.6880263090133667,0.15385276079177856,0.0009045084971874737,1.8267183303833008,1.685411810874939,0.1413065791130066,0.0006545084971874737,1.8128976821899414,1.6833100318908691,0.1295875906944275,0.00034549150281252633,1.8075320720672607,1.6820964813232422,0.12543553113937378,9.549150281252633e-05,10.055027183917657,1.6885336637496948,1.6863852739334106,0.0021484368480741978
43,1.859299659729004,1.6863852739334106,0.17291435599327087,0.001,1.8336726427078247,1.6844550371170044,0.14921757578849792,0.0009045084971874737,1.8157824277877808,1.681835651397705,0.13394680619239807,0.0006545084971874737,1.8064851760864258,1.6796609163284302,0.12682422995567322,0.00034549150281252633,1.7990572452545166,1.6784216165542603,0.12063562870025635,9.549150281252633e-05,10.81903920020577,1.6848622560501099,1.6827274560928345,0.0021347682923078537
44,1.8558974266052246,1.6827274560928345,0.17317001521587372,0.001,1.8345943689346313,1.680854320526123,0.1537400186061859,0.0009045084971874737,1.813826560974121,1.6781262159347534,0.13570040464401245,0.0006545084971874737,1.7975727319717407,1.675977110862732,0.12159564346075058,0.00034549150281252633,1.7913395166397095,1.6747595071792603,0.1165800541639328,9.549150281252633e-05,13.00932410269665,1.6811984777450562,1.6790915727615356,0.002106898929923773
45,1.8567277193069458,1.6790915727615356,0.17763611674308777,0.001,1.8291441202163696,1.6771972179412842,0.15194694697856903,0.0009045084971874737,1.8093544244766235,1.6744788885116577,0.13487549126148224,0.0006545084971874737,1.7982560396194458,1.6722743511199951,0.12598168849945068,0.00034549150281252633,1.7913364171981812,1.6710610389709473,0.1202753335237503,9.549150281252633e-05,13.726418665614196,1.6774767637252808,1.6754096746444702,0.0020670772064477205
46,1.8446168899536133,1.6754096746444702,0.16920721530914307,0.001,1.814314365386963,1.6735399961471558,0.14077438414096832,0.0009045084971874737,1.7995036840438843,1.6708123683929443,0.12869134545326233,0.0006545084971874737,1.7851635217666626,1.6686381101608276,0.11652544885873795,0.00034549150281252633,1.7813915014266968,1.6674095392227173,0.11398197710514069,9.549150281252633e-05,16.063458331116728,1.6737923622131348,1.6717684268951416,0.002023970475420356
47,1.8388186693191528,1.6717684268951416,0.16705021262168884,0.001,1.8062368631362915,1.6698222160339355,0.13641460239887238,0.0009045084971874737,1.786783218383789,1.6670854091644287,0.11969785392284393,0.0006545084971874737,1.7739195823669434,1.6648865938186646,0.10903303325176239,0.00034549150281252633,1.7679204940795898,1.6636621952056885,0.10425828397274017,9.549150281252633e-05,15.868009498697994,1.670043706893921,1.66806161403656,0.0019820763263851404
48,1.8289064168930054,1.66806161403656,0.1608448475599289,0.001,1.8111870288848877,1.666126012802124,0.14506104588508606,0.0009045084971874737,1.787268877029419,1.6634037494659424,0.12386514246463776,0.0006545084971874737,1.7764791250228882,1.6612788438796997,0.11520028859376907,0.00034549150281252633,1.7705316543579102,1.6600680351257324,0.11046365648508072,9.549150281252633e-05,16.28538748358383,1.6663702726364136,1.6643983125686646,0.001972018741071224
49,1.8274531364440918,1.6643983125686646,0.16305476427078247,0.001,1.801034688949585,1.662598729133606,0.1384359896183014,0.0009045084971874737,1.7779666185379028,1.659837007522583,0.11812959611415863,0.0006545084971874737,1.768128514289856,1.657699704170227,0.1104288250207901,0.00034549150281252633,1.761587381362915,1.6564713716506958,0.10511598736047745,9.549150281252633e-05,14.929881238030218,1.6626657247543335,1.6607496738433838,0.0019160790834575891
50,1.8152574300765991,1.6607496738433838,0.15450772643089294,0.001,1.7921797037124634,1.6589497327804565,0.13322992622852325,0.0009045084971874737,1.7737398147583008,1.656186580657959,0.11755319684743881,0.0006545084971874737,1.7625463008880615,1.6540993452072144,0.10844695568084717,0.00034549150281252633,1.7558916807174683,1.6528757810592651,0.10301585495471954,9.549150281252633e-05,16.726623542486738,1.659053921699524,1.6571614742279053,0.0018924293108284473
51,1.8063737154006958,1.6571614742279053,0.14921221137046814,0.001,1.7780052423477173,1.6551196575164795,0.12288559973239899,0.0009045084971874737,1.761018991470337,1.6524264812469482,0.10859246551990509,0.0006545084971874737,1.7480769157409668,1.6503098011016846,0.09776706993579865,0.00034549150281252633,1.743133544921875,1.6490938663482666,0.09403972327709198,9.549150281252633e-05,19.07405825281994,1.6552925109863281,1.653436303138733,0.0018561736214905977
52,1.7967814207077026,1.653436303138733,0.14334510266780853,0.001,1.7705565690994263,1.65166437625885,0.11889223754405975,0.0009045084971874737,1.748672604560852,1.6488335132598877,0.09983912110328674,0.0006545084971874737,1.7415716648101807,1.6466456651687622,0.09492599219083786,0.00034549150281252633,1.7361042499542236,1.6454294919967651,0.09067471325397491,9.549150281252633e-05,18.29572885642464,1.6516048908233643,1.6497737169265747,0.0018311826279386878
53,1.7924212217330933,1.6497737169265747,0.14264747500419617,0.001,1.7665385007858276,1.6479685306549072,0.11856992542743683,0.0009045084971874737,1.7468860149383545,1.6452029943466187,0.10168299823999405,0.0006545084971874737,1.7378414869308472,1.6429922580718994,0.09484925866127014,0.00034549150281252633,1.7305104732513428,1.6417571306228638,0.08875332027673721,9.549150281252633e-05,22.505710049756743,1.6479036808013916,1.6461037397384644,0.001799938501790166
54,1.796383261680603,1.6461037397384644,0.15027955174446106,0.001,1.7615967988967896,1.644309163093567,0.11728759109973907,0.0009045084971874737,1.7429406642913818,1.641579031944275,0.10136166960000992,0.0006545084971874737,1.732175350189209,1.639370322227478,0.09280498325824738,0.00034549150281252633,1.726906418800354,1.6381412744522095,0.08876519650220871,9.549150281252633e-05,20.294358681093744,1.6442443132400513,1.6424667835235596,0.0017774974694475532
55,1.782092809677124,1.6424667835235596,0.13962599635124207,0.001,1.7492315769195557,1.6405632495880127,0.10866830497980118,0.0009045084971874737,1.735810399055481,1.6378417015075684,0.0979686826467514,0.0006545084971874737,1.7232670783996582,1.6356605291366577,0.08760660141706467,0.00034549150281252633,1.7171735763549805,1.6344472169876099,0.08272640407085419,9.549150281252633e-05,22.728651466902416,1.640491247177124,1.638763189315796,0.0017280173487961292
56,1.7884691953659058,1.638763189315796,0.14970600605010986,0.001,1.7580924034118652,1.6370255947113037,0.1210668683052063,0.0009045084971874737,1.7381160259246826,1.6342684030532837,0.10384766757488251,0.0006545084971874737,1.7282590866088867,1.6321312189102173,0.09612783044576645,0.00034549150281252633,1.7224915027618408,1.6308995485305786,0.0915919616818428,9.549150281252633e-05,18.934280568614213,1.6369332075119019,1.635152816772461,0.0017803609371185303
57,1.7757787704467773,1.635152816772461,0.14062592387199402,0.001,1.744910717010498,1.6332288980484009,0.11168178915977478,0.0009045084971874737,1.7271963357925415,1.6305166482925415,0.09667973965406418,0.0006545084971874737,1.7181553840637207,1.6283609867095947,0.0897943377494812,0.00034549150281252633,1.7124345302581787,1.6271107196807861,0.08532387018203735,9.549150281252633e-05,18.836190436619628,1.633201241493225,1.6314421892166138,0.0017590740462765098
58,1.7742584943771362,1.6314421892166138,0.14281632006168365,0.001,1.7425734996795654,1.6297837495803833,0.1127898097038269,0.0009045084971874737,1.7219300270080566,1.6270588636398315,0.0948711484670639,0.0006545084971874737,1.7134120464324951,1.6249488592147827,0.08846322447061539,0.00034549150281252633,1.7052103281021118,1.6237092018127441,0.08150114864110947,9.549150281252633e-05,23.56336830462124,1.6295615434646606,1.6278730630874634,0.0016884729266166687
59,1.7727539539337158,1.6278730630874634,0.14488084614276886,0.001,1.7398617267608643,1.6261669397354126,0.11369482427835464,0.0009045084971874737,1.7199482917785645,1.6234508752822876,0.09649740159511566,0.0006545084971874737,1.7101635932922363,1.6213107109069824,0.08885293453931808,0.00034549150281252633,1.7017043828964233,1.6200944185256958,0.08160991221666336,9.549150281252633e-05,26.507974125116622,1.6259229183197021,1.6242660284042358,0.001656918553635478
60,1.7598885297775269,1.6242660284042358,0.13562248647212982,0.001,1.7239629030227661,1.6225178241729736,0.10144509375095367,0.0009045084971874737,1.7078306674957275,1.619895339012146,0.08793528378009796,0.0006545084971874737,1.698020577430725,1.617677092552185,0.08034351468086243,0.00034549150281252633,1.691357970237732,1.6164400577545166,0.07491791248321533,9.549150281252633e-05,25.95911689329623,1.6222610473632812,1.620652437210083,0.0016085512470453978
61,1.7457165718078613,1.620652437210083,0.1250641644001007,0.001,1.718380331993103,1.618928074836731,0.09945225715637207,0.0009045084971874737,1.6999046802520752,1.6162911653518677,0.0836135596036911,0.0006545084971874737,1.68800687789917,1.614078164100647,0.07392868399620056,0.00034549150281252633,1.6835955381393433,1.6128431558609009,0.07075235247612,9.549150281252633e-05,27.431217888655983,1.6186543703079224,1.6170555353164673,0.001598794013261795
62,1.74563729763031,1.6170555353164673,0.12858173251152039,0.001,1.717413067817688,1.615391492843628,0.10202157497406006,0.0009045084971874737,1.6995244026184082,1.6125861406326294,0.08693826198577881,0.0006545084971874737,1.6879138946533203,1.6104772090911865,0.07743673026561737,0.00034549150281252633,1.6823886632919312,1.609239935874939,0.07314874231815338,9.549150281252633e-05,29.50230407078525,1.6150212287902832,1.6134344339370728,0.001586827216669917
63,1.7465153932571411,1.6134344339370728,0.13308094441890717,0.001,1.7164106369018555,1.6118277311325073,0.10458296537399292,0.0009045084971874737,1.6926389932632446,1.6091302633285522,0.08350872248411179,0.0006545084971874737,1.682214379310608,1.6069356203079224,0.07527875900268555,0.00034549150281252633,1.6751281023025513,1.6056873798370361,0.06944069266319275,9.549150281252633e-05,27.331602787617733,1.6114150285720825,1.6098498106002808,0.0015652206493541598
64,1.7426923513412476,1.6098498106002808,0.1328425109386444,0.001,1.7104061841964722,1.6082282066345215,0.10217800736427307,0.0009045084971874737,1.6905651092529297,1.605510950088501,0.08505415171384811,0.0006545084971874737,1.6802377700805664,1.603318452835083,0.07691934704780579,0.00034549150281252633,1.6753605604171753,1.602077841758728,0.07328268885612488,9.549150281252633e-05,29.095973189237352,1.6078007221221924,1.6062569618225098,0.001543738879263401
65,1.720648169517517,1.6062569618225098,0.11439122259616852,0.001,1.6890020370483398,1.6047154664993286,0.08428654074668884,0.0009045084971874737,1.6726738214492798,1.6020034551620483,0.07067033648490906,0.0006545084971874737,1.663943886756897,1.5998079776763916,0.06413593143224716,0.00034549150281252633,1.6577411890029907,1.598563551902771,0.05917759984731674,9.549150281252633e-05,32.16241806565569,1.6041911840438843,1.6026804447174072,0.001510747242718935
66,1.7249115705490112,1.6026804447174072,0.12223110347986221,0.001,1.6966553926467896,1.6011102199554443,0.09554512053728104,0.0009045084971874737,1.6785985231399536,1.5983277559280396,0.08027076721191406,0.0006545084971874737,1.67008376121521,1.5961509943008423,0.0739327222108841,0.00034549150281252633,1.663523554801941,1.5949501991271973,0.06857331097126007,9.549150281252633e-05,31.803736341836185,1.6006182432174683,1.599131464958191,0.0014867708086967468
67,1.7203766107559204,1.599131464958191,0.12124510109424591,0.001,1.6986864805221558,1.5975255966186523,0.10116086900234222,0.0009045084971874737,1.6726422309875488,1.5948030948638916,0.07783907651901245,0.0006545084971874737,1.6668208837509155,1.5925852060317993,0.0742357075214386,0.00034549150281252633,1.6603786945343018,1.5913327932357788,0.06904587149620056,9.549150281252633e-05,30.434067812014582,1.597007155418396,1.5955373048782349,0.0014699053717777133
68,1.7142053842544556,1.5955373048782349,0.11866804212331772,0.001,1.6846323013305664,1.5938847064971924,0.0907476469874382,0.0009045084971874737,1.6669731140136719,1.5912612676620483,0.07571179419755936,0.0006545084971874737,1.6574069261550903,1.5891380310058594,0.06826893240213394,0.00034549150281252633,1.6524006128311157,1.587890386581421,0.06451022624969482,9.549150281252633e-05,29.51557746342611,1.5934563875198364,1.5919710397720337,0.0014853670727461576
69,1.71113920211792,1.5919710397720337,0.11916811019182205,0.001,1.6819922924041748,1.5903202295303345,0.09167201071977615,0.0009045084971874737,1.6670401096343994,1.5876508951187134,0.07938927412033081,0.0006545084971874737,1.656833529472351,1.5854462385177612,0.07138731330633163,0.00034549150281252633,1.6520832777023315,1.5841950178146362,0.06788823008537292,9.549150281252633e-05,32.38325720169929,1.5898100137710571,1.5883703231811523,0.0014396675396710634
70,1.7132201194763184,1.5883703231811523,0.12484985589981079,0.001,1.679595947265625,1.5866488218307495,0.0929470956325531,0.0009045084971874737,1.659159541130066,1.5838983058929443,0.0752612054347992,0.0006545084971874737,1.649563193321228,1.581835389137268,0.06772778928279877,0.00034549150281252633,1.645572304725647,1.5806002616882324,0.06497208774089813,9.549150281252633e-05,32.005201470855155,1.586198329925537,1.5847653150558472,0.0014330527046695352
71,1.6915631294250488,1.5847653150558472,0.10679779946804047,0.001,1.6680177450180054,1.5831871032714844,0.08483066409826279,0.0009045084971874737,1.651524543762207,1.5805381536483765,0.07098641991615295,0.0006545084971874737,1.6419134140014648,1.5784165859222412,0.06349681317806244,0.00034549150281252633,1.635335922241211,1.5771417617797852,0.0581941083073616,9.549150281252633e-05,32.4327318032869,1.5826561450958252,1.5812400579452515,0.001416102983057499
72,1.6893017292022705,1.5812400579452515,0.10806173086166382,0.001,1.661352276802063,1.5797828435897827,0.08156944811344147,0.0009045084971874737,1.6437164545059204,1.577165961265564,0.06655046343803406,0.0006545084971874737,1.6340919733047485,1.574952483177185,0.05913947895169258,0.00034549150281252633,1.63030207157135,1.573710560798645,0.05659155920147896,9.549150281252633e-05,35.635420338875115,1.5791430473327637,1.5776933431625366,0.0014496706426143646
73,1.686625361442566,1.5776933431625366,0.1089319959282875,0.001,1.6534936428070068,1.576124668121338,0.07736891508102417,0.0009045084971874737,1.6391637325286865,1.573533296585083,0.0656304806470871,0.0006545084971874737,1.6285264492034912,1.5713716745376587,0.0571548268198967,0.00034549150281252633,1.6228195428848267,1.5701364278793335,0.052683137357234955,9.549150281252633e-05,34.089662438606595,1.5755802392959595,1.5741658210754395,0.0014144701417535543
74,1.6846708059310913,1.5741658210754395,0.11050494760274887,0.001,1.654994010925293,1.5726580619812012,0.0823359489440918,0.0009045084971874737,1.6389610767364502,1.5699145793914795,0.06904655694961548,0.0006545084971874737,1.6296625137329102,1.567771077156067,0.06189144402742386,0.00034549150281252633,1.6246777772903442,1.5665391683578491,0.05813855305314064,9.549150281252633e-05,36.8387075156846,1.571960210800171,1.570608139038086,0.001352081075310707
75,1.6876275539398193,1.570608139038086,0.11701935529708862,0.001,1.6492058038711548,1.5692213773727417,0.07998447865247726,0.0009045084971874737,1.6329357624053955,1.566580057144165,0.0663556456565857,0.0006545084971874737,1.6245468854904175,1.5643975734710693,0.06014936789870262,0.00034549150281252633,1.6191856861114502,1.5631544589996338,0.05603126063942909,9.549150281252633e-05,36.063013897544685,1.5685073137283325,1.5671517848968506,0.0013555123005062342
76,1.6639878749847412,1.5671517848968506,0.09683604538440704,0.001,1.6339555978775024,1.565639853477478,0.06831575930118561,0.0009045084971874737,1.6163158416748047,1.5630831718444824,0.05323270708322525,0.0006545084971874737,1.6090418100357056,1.560903787612915,0.04813802242279053,0.00034549150281252633,1.6056078672409058,1.5596866607666016,0.0459212027490139,9.549150281252633e-05,39.05512925835822,1.5649864673614502,1.563675045967102,0.0013114083558321
77,1.6668808460235596,1.563675045967102,0.10320577025413513,0.001,1.635118007659912,1.562139630317688,0.0729784220457077,0.0009045084971874737,1.6196707487106323,1.5596102476119995,0.06006046384572983,0.0006545084971874737,1.6100430488586426,1.5574651956558228,0.05257779359817505,0.00034549150281252633,1.6055104732513428,1.5562150478363037,0.04929546266794205,9.549150281252633e-05,37.63093852677648,1.561484932899475,1.5601845979690552,0.0013003014028072357
78,1.666407585144043,1.5601845979690552,0.10622300952672958,0.001,1.6379987001419067,1.5586249828338623,0.07937373220920563,0.0009045084971874737,1.6206092834472656,1.5561307668685913,0.06447848677635193,0.0006545084971874737,1.6110808849334717,1.5540826320648193,0.056998297572135925,0.00034549150281252633,1.6070120334625244,1.5528656244277954,0.05414646118879318,9.549150281252633e-05,37.42287016715245,1.5580304861068726,1.5567233562469482,0.0013071815483272076
79,1.655778408050537,1.5567233562469482,0.09905505925416946,0.001,1.626430630683899,1.5553239583969116,0.07110664993524551,0.0009045084971874737,1.6117446422576904,1.5527098178863525,0.059034883975982666,0.0006545084971874737,1.6026333570480347,1.5505318641662598,0.05210144817829132,0.00034549150281252633,1.5975992679595947,1.5492920875549316,0.04830720275640488,9.549150281252633e-05,38.49920771748277,1.55450439453125,1.5532362461090088,0.001268204185180366
80,1.6564613580703735,1.5532362461090088,0.10322508215904236,0.001,1.6223068237304688,1.5516849756240845,0.07062184810638428,0.0009045084971874737,1.6080735921859741,1.5491070747375488,0.05896655470132828,0.0006545084971874737,1.5994185209274292,1.5469688177108765,0.05244969576597214,0.00034549150281252633,1.5935553312301636,1.5457730293273926,0.04778227210044861,9.549150281252633e-05,39.22151336003835,1.5509631633758545,1.549718976020813,0.0012442097067832947
81,1.6573156118392944,1.549718976020813,0.10759663581848145,0.001,1.6290562152862549,1.5482683181762695,0.08078786730766296,0.0009045084971874737,1.6117820739746094,1.5457890033721924,0.0659930557012558,0.0006545084971874737,1.6013216972351074,1.5437172651290894,0.05760447680950165,0.00034549150281252633,1.5965949296951294,1.5425037145614624,0.05409125238656998,9.549150281252633e-05,40.216269879222175,1.5476144552230835,1.5463274717330933,0.0012869671918451786
82,1.6453806161880493,1.5463274717330933,0.09905311465263367,0.001,1.6124587059020996,1.5449423789978027,0.06751633435487747,0.0009045084971874737,1.5962518453598022,1.5424368381500244,0.053814999759197235,0.0006545084971874737,1.5872172117233276,1.5403199195861816,0.04689733684062958,0.00034549150281252633,1.5849541425704956,1.5390956401824951,0.04585852473974228,9.549150281252633e-05,41.29989750804136,1.544140338897705,1.5428950786590576,0.001245223917067051
83,1.649530053138733,1.5428950786590576,0.1066349670290947,0.001,1.6181846857070923,1.5414621829986572,0.07672250270843506,0.0009045084971874737,1.5994787216186523,1.538986086845398,0.060492634773254395,0.0006545084971874737,1.5918983221054077,1.5369253158569336,0.05497298389673233,0.00034549150281252633,1.5869545936584473,1.535702109336853,0.051252447068691254,9.549150281252633e-05,38.99605065178015,1.5407366752624512,1.5394859313964844,0.00125072430819273
84,1.6410865783691406,1.5394859313964844,0.10160069167613983,0.001,1.6070870161056519,1.538097858428955,0.06898915022611618,0.0009045084971874737,1.5915213823318481,1.53560471534729,0.055916640907526016,0.0006545084971874737,1.582741618156433,1.533581256866455,0.04916035756468773,0.00034549150281252633,1.5781768560409546,1.5323418378829956,0.045835040509700775,9.549150281252633e-05,41.987135724836044,1.5373362302780151,1.5360952615737915,0.0012409852351993322
85,1.6330851316452026,1.5360952615737915,0.09698983281850815,0.001,1.6044421195983887,1.534686803817749,0.06975537538528442,0.0009045084971874737,1.5871272087097168,1.5322682857513428,0.05485890060663223,0.0006545084971874737,1.5795520544052124,1.5301424264907837,0.049409590661525726,0.00034549150281252633,1.5759350061416626,1.5289244651794434,0.047010503709316254,9.549150281252633e-05,42.429687449532686,1.5339280366897583,1.5327208042144775,0.001207289518788457
86,1.645376205444336,1.5327208042144775,0.11265537142753601,0.001,1.6075395345687866,1.531319260597229,0.07622026652097702,0.0009045084971874737,1.589468240737915,1.5288546085357666,0.06061359494924545,0.0006545084971874737,1.5809855461120605,1.5267918109893799,0.05419367551803589,0.00034549150281252633,1.5759992599487305,1.5255846977233887,0.050414517521858215,9.549150281252633e-05,41.61787102416012,1.5305567979812622,1.5293631553649902,0.0011935927905142307
87,1.6283388137817383,1.5293631553649902,0.09897571802139282,0.001,1.5965619087219238,1.527979850769043,0.06858211010694504,0.0009045084971874737,1.5818841457366943,1.525436282157898,0.056447818875312805,0.0006545084971874737,1.5726569890975952,1.5233961343765259,0.04926086589694023,0.00034549150281252633,1.5676236152648926,1.522197961807251,0.0454256497323513,9.549150281252633e-05,44.15573653130922,1.5271296501159668,1.5259606838226318,0.0011689132079482079
88,1.6338372230529785,1.5259606838226318,0.10787659883499146,0.001,1.5982356071472168,1.5246868133544922,0.07354874908924103,0.0009045084971874737,1.5827072858810425,1.522268533706665,0.060438770800828934,0.0006545084971874737,1.5722352266311646,1.520171046257019,0.052064187824726105,0.00034549150281252633,1.5657007694244385,1.5189756155014038,0.04672516882419586,9.549150281252633e-05,41.558553227429094,1.5238288640975952,1.5226384401321411,0.0011904060374945402
89,1.6136337518692017,1.5226384401321411,0.09099534153938293,0.001,1.589081048965454,1.521413803100586,0.06766726821660995,0.0009045084971874737,1.568019986152649,1.518783688545227,0.04923635348677635,0.0006545084971874737,1.559934139251709,1.516743779182434,0.0431903712451458,0.00034549150281252633,1.554693579673767,1.515520453453064,0.03917312249541283,9.549150281252633e-05,41.465793903291186,1.520453691482544,1.519274115562439,0.0011795302852988243
90,1.6121703386306763,1.519274115562439,0.09289627522230148,0.001,1.5835354328155518,1.5180394649505615,0.06549601256847382,0.0009045084971874737,1.567737340927124,1.5155116319656372,0.05222567170858383,0.0006545084971874737,1.5576788187026978,1.5133962631225586,0.04428257420659065,0.00034549150281252633,1.5527912378311157,1.5122171640396118,0.040574103593826294,9.549150281252633e-05,42.11347623975472,1.5171504020690918,1.5159639120101929,0.0011865140404552221
91,1.6046671867370605,1.5159639120101929,0.08870325982570648,0.001,1.5736478567123413,1.514730453491211,0.058917365968227386,0.0009045084971874737,1.560387372970581,1.5123085975646973,0.04807879775762558,0.0006545084971874737,1.5520557165145874,1.510256052017212,0.0417996421456337,0.00034549150281252633,1.5469504594802856,1.5090827941894531,0.03786762058734894,9.549150281252633e-05,43.275591440753466,1.5138577222824097,1.5126895904541016,0.0011681363685056567
92,1.6125200986862183,1.5126895904541016,0.0998305231332779,0.001,1.5782021284103394,1.511256217956543,0.06694595515727997,0.0009045084971874737,1.5600067377090454,1.5088729858398438,0.051133763045072556,0.0006545084971874737,1.5507577657699585,1.5068037509918213,0.04395399987697601,0.00034549150281252633,1.5452052354812622,1.505622386932373,0.03958284854888916,9.549150281252633e-05,40.975473035564534,1.510507583618164,1.509339690208435,0.0011678909650072455
93,1.6043163537979126,1.509339690208435,0.09497665613889694,0.001,1.571009635925293,1.5081346035003662,0.06287501752376556,0.0009045084971874737,1.5539621114730835,1.5057858228683472,0.048176318407058716,0.0006545084971874737,1.54452383518219,1.503779411315918,0.04074443504214287,0.00034549150281252633,1.5388942956924438,1.5025748014450073,0.036319535225629807,9.549150281252633e-05,40.80214691256728,1.5072226524353027,1.506070852279663,0.001151757431216538
94,1.6044272184371948,1.506070852279663,0.09835631400346756,0.001,1.5706979036331177,1.5047739744186401,0.06592387706041336,0.0009045084971874737,1.553090214729309,1.5024385452270508,0.05065171793103218,0.0006545084971874737,1.5445860624313354,1.5003352165222168,0.04425085708498955,0.00034549150281252633,1.5411598682403564,1.4991521835327148,0.04200766235589981,9.549150281252633e-05,41.564109079603625,1.5039052963256836,1.502781629562378,0.001123612280935049
95,1.5963985919952393,1.502781629562378,0.09361696988344193,0.001,1.566748023033142,1.5015734434127808,0.06517456471920013,0.0009045084971874737,1.5526279211044312,1.4992260932922363,0.05340186133980751,0.0006545084971874737,1.543911337852478,1.4971976280212402,0.046713653951883316,0.00034549150281252633,1.540461540222168,1.496002435684204,0.04445914924144745,9.549150281252633e-05,43.11800387771836,1.5006532669067383,1.499534249305725,0.001118975691497326
96,1.5939619541168213,1.499534249305725,0.09442770481109619,0.001,1.5551499128341675,1.4983338117599487,0.05681609362363815,0.0009045084971874737,1.540328860282898,1.4959511756896973,0.04437767714262009,0.0006545084971874737,1.5322808027267456,1.494003176689148,0.038277626037597656,0.00034549150281252633,1.5278842449188232,1.4928045272827148,0.03507966548204422,9.549150281252633e-05,41.62769554916932,1.4974206686019897,1.4962729215621948,0.0011477286461740732
97,1.5871719121932983,1.4962729215621948,0.0908990129828453,0.001,1.5552644729614258,1.4953080415725708,0.05995645374059677,0.0009045084971874737,1.5428321361541748,1.4929512739181519,0.049880824983119965,0.0006545084971874737,1.5318725109100342,1.4909260272979736,0.04094652831554413,0.00034549150281252633,1.5279653072357178,1.4897665977478027,0.03819868713617325,9.549150281252633e-05,43.08368853175919,1.494279384613037,1.4931670427322388,0.0011123486328870058
98,1.5693086385726929,1.4931670427322388,0.07614158093929291,0.001,1.5443974733352661,1.491985559463501,0.052411966025829315,0.0009045084971874737,1.529064416885376,1.4895437955856323,0.039520569145679474,0.0006545084971874737,1.521954894065857,1.4874930381774902,0.034461818635463715,0.00034549150281252633,1.517918586730957,1.486297369003296,0.03162121772766113,9.549150281252633e-05,44.0220968637948,1.4909566640853882,1.4898653030395508,0.0010913120349869132
99,1.586582899093628,1.4898653030395508,0.09671765565872192,0.001,1.5475519895553589,1.4887380599975586,0.058813951909542084,0.0009045084971874737,1.5310828685760498,1.486405611038208,0.044677309691905975,0.0006545084971874737,1.5237042903900146,1.4844905138015747,0.03921382501721382,0.00034549150281252633,1.5196577310562134,1.4833126068115234,0.03634514659643173,9.549150281252633e-05,44.24786200072799,1.4877427816390991,1.4866775274276733,0.0010652688797563314
100,1.5788905620574951,1.4866775274276733,0.09221300482749939,0.001,1.5455361604690552,1.4856712818145752,0.05986492335796356,0.0009045084971874737,1.529184103012085,1.483487844467163,0.045696258544921875,0.0006545084971874737,1.5213658809661865,1.4814614057540894,0.03990453481674194,0.00034549150281252633,1.5165165662765503,1.4803303480148315,0.03618624806404114,9.549150281252633e-05,42.37221162536886,1.4847025871276855,1.4836249351501465,0.001077671768143773
101,1.569371223449707,1.4836249351501465,0.08574624359607697,0.001,1.5387784242630005,1.4825780391693115,0.056200407445430756,0.0009045084971874737,1.5230889320373535,1.4802100658416748,0.04287881404161453,0.0006545084971874737,1.5158870220184326,1.4782871007919312,0.03759996220469475,0.00034549150281252633,1.5110249519348145,1.4771013259887695,0.03392361104488373,9.549150281252633e-05,46.38654174671497,1.4815353155136108,1.4804580211639404,0.0010772856185212731
102,1.5630090236663818,1.4804580211639404,0.0825510174036026,0.001,1.5331645011901855,1.4794844388961792,0.05368007346987724,0.0009045084971874737,1.5187650918960571,1.4771512746810913,0.04161382466554642,0.0006545084971874737,1.5104786157608032,1.4751228094100952,0.03535579517483711,0.00034549150281252633,1.5063776969909668,1.4739407300949097,0.032437026500701904,9.549150281252633e-05,45.3816465347178,1.4783915281295776,1.477332353591919,0.001059211790561676
103,1.5674264430999756,1.477332353591919,0.09009407460689545,0.001,1.5344030857086182,1.4764121770858765,0.05799085646867752,0.0009045084971874737,1.5186960697174072,1.4740437269210815,0.044652387499809265,0.0006545084971874737,1.5112069845199585,1.4720938205718994,0.03911321982741356,0.00034549150281252633,1.5067945718765259,1.4709347486495972,0.03585987165570259,9.549150281252633e-05,45.8034275776595,1.4752711057662964,1.4742050170898438,0.0010660708649083972
104,1.566927194595337,1.4742050170898438,0.09272222220897675,0.001,1.533355951309204,1.4731943607330322,0.06016154587268829,0.0009045084971874737,1.5177643299102783,1.4709020853042603,0.04686221480369568,0.0006545084971874737,1.5103048086166382,1.4689704179763794,0.04133434593677521,0.00034549150281252633,1.5051339864730835,1.4678034782409668,0.03733053058385849,9.549150281252633e-05,44.82888155848298,1.4721428155899048,1.4711005687713623,0.001042302930727601
105,1.5501607656478882,1.4711005687713623,0.0790601596236229,0.001,1.5164997577667236,1.4701576232910156,0.04634217917919159,0.0009045084971874737,1.5027024745941162,1.467893362045288,0.03480908274650574,0.0006545084971874737,1.4944308996200562,1.4660342931747437,0.028396612033247948,0.00034549150281252633,1.4918289184570312,1.4648606777191162,0.026968244463205338,9.549150281252633e-05,44.02054269024593,1.469099521636963,1.4680516719818115,0.001047833589836955
106,1.5641587972640991,1.4680516719818115,0.09610715508460999,0.001,1.5298057794570923,1.4670298099517822,0.06277593225240707,0.0009045084971874737,1.5117639303207397,1.4647750854492188,0.04698888212442398,0.0006545084971874737,1.504455804824829,1.4628868103027344,0.04156903922557831,0.00034549150281252633,1.4993795156478882,1.4617509841918945,0.03762856870889664,9.549150281252633e-05,46.47854954738839,1.466018557548523,1.464990258216858,0.0010282857110723853
107,1.540698528289795,1.464990258216858,0.0757083147764206,0.001,1.515034794807434,1.463984489440918,0.051050275564193726,0.0009045084971874737,1.4997243881225586,1.461617350578308,0.03810705989599228,0.0006545084971874737,1.492507815361023,1.459616780281067,0.03289106860756874,0.00034549150281252633,1.4890961647033691,1.458462119102478,0.03063403256237507,9.549150281252633e-05,46.519269657420594,1.4628570079803467,1.4618122577667236,0.001044750795699656
108,1.5518324375152588,1.4618122577667236,0.09002014249563217,0.001,1.5193654298782349,1.4610294103622437,0.058336034417152405,0.0009045084971874737,1.5032954216003418,1.4588476419448853,0.04444773122668266,0.0006545084971874737,1.4931914806365967,1.456918716430664,0.0362728014588356,0.00034549150281252633,1.4899449348449707,1.455777883529663,0.034167010337114334,9.549150281252633e-05,48.26188528416321,1.4599248170852661,1.4588851928710938,0.0010396281722933054
109,1.5402867794036865,1.4588851928710938,0.08140157163143158,0.001,1.5092841386795044,1.457811951637268,0.05147215723991394,0.0009045084971874737,1.4925659894943237,1.4555485248565674,0.03701741248369217,0.0006545084971874737,1.4850794076919556,1.4536467790603638,0.03143259510397911,0.00034549150281252633,1.4818081855773926,1.4525104761123657,0.029297679662704468,9.549150281252633e-05,47.35556183611317,1.456769347190857,1.4557580947875977,0.0010112496092915535
110,1.5502747297286987,1.4557580947875977,0.09451659023761749,0.001,1.5176286697387695,1.4549771547317505,0.06265152245759964,0.0009045084971874737,1.5009369850158691,1.4528241157531738,0.04811283200979233,0.0006545084971874737,1.4913235902786255,1.4509326219558716,0.04039093852043152,0.00034549150281252633,1.4861258268356323,1.4498262405395508,0.03629956766963005,9.549150281252633e-05,46.445555554823166,1.4538326263427734,1.452830195426941,0.0010024737566709518
111,1.530748724937439,1.452830195426941,0.07791849970817566,0.001,1.4996134042739868,1.4518667459487915,0.0477466844022274,0.0009045084971874737,1.488766074180603,1.4496541023254395,0.03911200165748596,0.0006545084971874737,1.4809428453445435,1.4478445053100586,0.033098336309194565,0.00034549150281252633,1.477185606956482,1.4466962814331055,0.030489347875118256,9.549150281252633e-05,46.14439839416263,1.4508053064346313,1.4497923851013184,0.001012912136502564
112,1.5388424396514893,1.4497923851013184,0.08905002474784851,0.001,1.5037140846252441,1.4490386247634888,0.054675400257110596,0.0009045084971874737,1.4896059036254883,1.4468406438827515,0.04276526719331741,0.0006545084971874737,1.4812930822372437,1.4449145793914795,0.036378487944602966,0.00034549150281252633,1.4762814044952393,1.4437979459762573,0.032483454793691635,9.549150281252633e-05,45.26130290583139,1.4478446245193481,1.4468201398849487,0.001024521654471755
113,1.527445912361145,1.4468201398849487,0.08062572777271271,0.001,1.49359130859375,1.4459803104400635,0.0476110503077507,0.0009045084971874737,1.479949712753296,1.4438012838363647,0.03614846616983414,0.0006545084971874737,1.471682071685791,1.4418467283248901,0.02983536571264267,0.00034549150281252633,1.4677224159240723,1.4407179355621338,0.027004487812519073,9.549150281252633e-05,46.65888132233468,1.4448468685150146,1.4438508749008179,0.0009960365714505315
114,1.5115675926208496,1.4438508749008179,0.06771665811538696,0.001,1.4847897291183472,1.4430724382400513,0.041717272251844406,0.0009045084971874737,1.4721599817276,1.441023349761963,0.03113667294383049,0.0006545084971874737,1.4646599292755127,1.4391361474990845,0.025523735210299492,0.00034549150281252633,1.4605311155319214,1.4380247592926025,0.022506333887577057,9.549150281252633e-05,49.101913084610544,1.4418963193893433,1.440926432609558,0.0009698386420495808
115,1.5247658491134644,1.440926432609558,0.08383944630622864,0.001,1.488152027130127,1.4400330781936646,0.04811893776059151,0.0009045084971874737,1.4719083309173584,1.4379676580429077,0.033940643072128296,0.0006545084971874737,1.4645830392837524,1.4360668659210205,0.028516115620732307,0.00034549150281252633,1.461133599281311,1.4349277019500732,0.026205912232398987,9.549150281252633e-05,48.3222557006988,1.4388947486877441,1.4379465579986572,0.0009481980232521892
116,1.5110828876495361,1.4379465579986572,0.07313637435436249,0.001,1.4777320623397827,1.4372930526733398,0.04043900966644287,0.0009045084971874737,1.4644248485565186,1.435378074645996,0.029046786949038506,0.0006545084971874737,1.4584122896194458,1.4334672689437866,0.02494501695036888,0.00034549150281252633,1.4547712802886963,1.4323575496673584,0.022413713857531548,9.549150281252633e-05,48.92780756888397,1.436133861541748,1.435170292854309,0.0009635841706767678
117,1.5266704559326172,1.435170292854309,0.09150020778179169,0.001,1.4954032897949219,1.4343911409378052,0.061012204736471176,0.0009045084971874737,1.478437066078186,1.4323121309280396,0.0461248904466629,0.0006545084971874737,1.4682352542877197,1.4305446147918701,0.03769059479236603,0.00034549150281252633,1.463853120803833,1.429437279701233,0.03441586345434189,9.549150281252633e-05,45.74729489039905,1.4333264827728271,1.432329773902893,0.0009967569494619966
118,1.5127882957458496,1.432329773902893,0.08045846968889236,0.001,1.4800498485565186,1.431597113609314,0.04845274239778519,0.0009045084971874737,1.466819167137146,1.4294769763946533,0.03734217584133148,0.0006545084971874737,1.457065463066101,1.4276785850524902,0.029386885464191437,0.00034549150281252633,1.4543336629867554,1.4265789985656738,0.027754683047533035,9.549150281252633e-05,46.96930495569895,1.4304336309432983,1.4294564723968506,0.0009771586628630757
119,1.5104327201843262,1.4294564723968506,0.08097624778747559,0.001,1.474060297012329,1.4287700653076172,0.04529022425413132,0.0009045084971874737,1.4619632959365845,1.4266161918640137,0.0353471040725708,0.0006545084971874737,1.454144835472107,1.4247815608978271,0.029363252222537994,0.00034549150281252633,1.4498229026794434,1.4236855506896973,0.026137351989746094,9.549150281252633e-05,48.7179257646629,1.4275237321853638,1.4265676736831665,0.0009560550097376108
120,1.5026733875274658,1.4265676736831665,0.07610565423965454,0.001,1.4677395820617676,1.4259485006332397,0.04179102182388306,0.0009045084971874737,1.4542948007583618,1.4238747358322144,0.030420076102018356,0.0006545084971874737,1.4485024213790894,1.4220564365386963,0.026445990428328514,0.00034549150281252633,1.4440315961837769,1.4209339618682861,0.02309758961200714,9.549150281252633e-05,49.05513546424641,1.4247022867202759,1.4237563610076904,0.0009459099965170026
121,1.500761866569519,1.4237563610076904,0.0770055279135704,0.001,1.4756947755813599,1.4230369329452515,0.052657827734947205,0.0009045084971874737,1.4580665826797485,1.4210374355316162,0.037029165774583817,0.0006545084971874737,1.450050711631775,1.4191787242889404,0.030872004106640816,0.00034549150281252633,1.4448579549789429,1.418087363243103,0.02677055634558201,9.549150281252633e-05,49.91513330391383,1.4218369722366333,1.4209110736846924,0.0009258645004592836
122,1.4865937232971191,1.4209110736846924,0.06568261981010437,0.001,1.455899953842163,1.420113444328308,0.03578653186559677,0.0009045084971874737,1.4451738595962524,1.418070673942566,0.02710321918129921,0.0006545084971874737,1.438406229019165,1.4163240194320679,0.022082215175032616,0.00034549150281252633,1.4359039068222046,1.4152165651321411,0.02068738266825676,9.549150281252633e-05,48.70683145371888,1.4189884662628174,1.4180587530136108,0.0009296913049183786
123,1.4979294538497925,1.4180587530136108,0.07987067103385925,0.001,1.4653120040893555,1.417419195175171,0.04789281636476517,0.0009045084971874737,1.452086329460144,1.4153825044631958,0.036703821271657944,0.0006545084971874737,1.443339228630066,1.4136160612106323,0.02972312457859516,0.00034549150281252633,1.4397337436676025,1.412543535232544,0.027190202847123146,9.549150281252633e-05,49.120716395133115,1.4162214994430542,1.4152991771697998,0.0009223705274052918
124,1.4934660196304321,1.4152991771697998,0.07816679775714874,0.001,1.4630942344665527,1.4147770404815674,0.048317212611436844,0.0009045084971874737,1.4498149156570435,1.4128069877624512,0.0370078906416893,0.0006545084971874737,1.4412761926651,1.4110397100448608,0.03023642860352993,0.00034549150281252633,1.4382721185684204,1.40995454788208,0.02831757254898548,9.549150281252633e-05,48.76096392889357,1.4134981632232666,1.4125885963439941,0.0009095678105950356
125,1.4903851747512817,1.4125885963439941,0.07779654860496521,0.001,1.4573851823806763,1.412005066871643,0.045380108058452606,0.0009045084971874737,1.4442042112350464,1.4099969863891602,0.03420718386769295,0.0006545084971874737,1.4372308254241943,1.4082823991775513,0.02894841507077217,0.00034549150281252633,1.434478998184204,1.4072118997573853,0.027267055585980415,9.549150281252633e-05,48.714101165625564,1.4107977151870728,1.4098718166351318,0.0009258410427719355
126,1.478125810623169,1.4098718166351318,0.06825405359268188,0.001,1.4536255598068237,1.4093667268753052,0.04425879940390587,0.0009045084971874737,1.4381341934204102,1.4074963331222534,0.030637893825769424,0.0006545084971874737,1.429810643196106,1.4056806564331055,0.024129975587129593,0.00034549150281252633,1.426794171333313,1.4046186208724976,0.022175543010234833,9.549150281252633e-05,49.24731341459229,1.4081259965896606,1.4072047472000122,0.0009211983997374773
127,1.4829400777816772,1.4072047472000122,0.07573531568050385,0.001,1.452152132987976,1.4066252708435059,0.0455268993973732,0.0009045084971874737,1.4375948905944824,1.4047383069992065,0.032856542617082596,0.0006545084971874737,1.4311836957931519,1.4029821157455444,0.02820153534412384,0.00034549150281252633,1.4263619184494019,1.401888132095337,0.024473728612065315,9.549150281252633e-05,49.29147818361644,1.4053869247436523,1.4044822454452515,0.0009046450722962618
128,1.4871512651443481,1.4044822454452515,0.08266906440258026,0.001,1.4504863023757935,1.4038057327270508,0.04668061435222626,0.0009045084971874737,1.4370837211608887,1.4019837379455566,0.03509996831417084,0.0006545084971874737,1.429809808731079,1.400267481803894,0.02954227663576603,0.00034549150281252633,1.426895022392273,1.3992221355438232,0.027672842144966125,9.549150281252633e-05,48.91014023900578,1.4027341604232788,1.4018021821975708,0.0009319514501839876
129,1.4801828861236572,1.4018021821975708,0.07838064432144165,0.001,1.4481678009033203,1.4013023376464844,0.04686540365219116,0.0009045084971874737,1.4332445859909058,1.3994057178497314,0.03383885324001312,0.0006545084971874737,1.4254150390625,1.3976569175720215,0.027758106589317322,0.00034549150281252633,1.4209418296813965,1.3966002464294434,0.024341624230146408,9.549150281252633e-05,48.66493561759746,1.400106430053711,1.3991780281066895,0.0009284457773901522
130,1.4712255001068115,1.3991780281066895,0.07204749435186386,0.001,1.4398335218429565,1.3987735509872437,0.0410599485039711,0.0009045084971874737,1.427742838859558,1.3969309329986572,0.030811866745352745,0.0006545084971874737,1.4216617345809937,1.3952088356018066,0.026452841237187386,0.00034549150281252633,1.4174585342407227,1.3941185474395752,0.023339953273534775,9.549150281252633e-05,49.35760109113214,1.397499918937683,1.3965864181518555,0.0009134690626524389
131,1.4658128023147583,1.3965864181518555,0.06922643631696701,0.001,1.4319976568222046,1.3963000774383545,0.03569759801030159,0.0009045084971874737,1.4181276559829712,1.3942116498947144,0.02391604334115982,0.0006545084971874737,1.4133659601211548,1.392458200454712,0.02090776339173317,0.00034549150281252633,1.4100373983383179,1.3913915157318115,0.01864592730998993,9.549150281252633e-05,49.47015448724411,1.3948650360107422,1.3939735889434814,0.0008914541685953736
132,1.4644347429275513,1.3939735889434814,0.07046115398406982,0.001,1.4363459348678589,1.3934792280197144,0.04286675155162811,0.0009045084971874737,1.4251545667648315,1.3915584087371826,0.03359619528055191,0.0006545084971874737,1.4166537523269653,1.3899257183074951,0.026728009805083275,0.00034549150281252633,1.4119912385940552,1.388885498046875,0.023105762898921967,9.549150281252633e-05,50.03836695700039,1.39224374294281,1.3913391828536987,0.0009045932674780488
133,1.463148593902588,1.3913391828536987,0.07180939614772797,0.001,1.430824637413025,1.3910086154937744,0.03981602191925049,0.0009045084971874737,1.417838454246521,1.3891161680221558,0.028722304850816727,0.0006545084971874737,1.409293293952942,1.3873945474624634,0.02189878188073635,0.00034549150281252633,1.4053394794464111,1.3863691091537476,0.01897042617201805,9.549150281252633e-05,50.28368012706842,1.389661192893982,1.3887757062911987,0.00088546919869259
134,1.456322193145752,1.3887757062911987,0.06754645705223083,0.001,1.4268132448196411,1.3883249759674072,0.03848822042346001,0.0009045084971874737,1.417581558227539,1.3865172863006592,0.03106425702571869,0.0006545084971874737,1.4086488485336304,1.3848819732666016,0.023766852915287018,0.00034549150281252633,1.4052191972732544,1.3838093280792236,0.021409865468740463,9.549150281252633e-05,50.128479964301775,1.3870958089828491,1.3862093687057495,0.0008864353876560926
135,1.4657925367355347,1.3862093687057495,0.07958317548036575,0.001,1.4313915967941284,1.3858678340911865,0.04552371799945831,0.0009045084971874737,1.416654348373413,1.3841376304626465,0.03251669555902481,0.0006545084971874737,1.4091650247573853,1.3824646472930908,0.026700349524617195,0.00034549150281252633,1.4057716131210327,1.3814280033111572,0.02434356138110161,9.549150281252633e-05,48.31266987809942,1.3846207857131958,1.383723258972168,0.0008975722012110054
136,1.4494634866714478,1.383723258972168,0.0657401829957962,0.001,1.4245003461837769,1.3832767009735107,0.04122363030910492,0.0009045084971874737,1.4087605476379395,1.3814913034439087,0.027269288897514343,0.0006545084971874737,1.4017912149429321,1.3798633813858032,0.0219278521835804,0.00034549150281252633,1.3985741138458252,1.3788635730743408,0.019710538908839226,9.549150281252633e-05,49.80802516633279,1.382069706916809,1.3811941146850586,0.0008755899616517127
137,1.4495830535888672,1.3811941146850586,0.0683889389038086,0.001,1.4218735694885254,1.3809088468551636,0.04096466302871704,0.0009045084971874737,1.4077202081680298,1.3790041208267212,0.02871605008840561,0.0006545084971874737,1.4001681804656982,1.3773130178451538,0.022855157032608986,0.00034549150281252633,1.396311640739441,1.3762894868850708,0.020022142678499222,9.549150281252633e-05,51.578069731177855,1.3795421123504639,1.3786711692810059,0.0008709347457624972
138,1.4547005891799927,1.3786711692810059,0.07602940499782562,0.001,1.416869044303894,1.3784650564193726,0.03840396925806999,0.0009045084971874737,1.4064457416534424,1.3766777515411377,0.029767965897917747,0.0006545084971874737,1.4004095792770386,1.375074863433838,0.02533474937081337,0.00034549150281252633,1.3963896036148071,1.3740509748458862,0.022338664159178734,9.549150281252633e-05,48.7205133867891,1.3771198987960815,1.3762297630310059,0.0008901209803298116
139,1.4429928064346313,1.3762297630310059,0.0667630285024643,0.001,1.4076745510101318,1.375868320465088,0.03180617839097977,0.0009045084971874737,1.3952350616455078,1.37417733669281,0.021057674661278725,0.0006545084971874737,1.3909505605697632,1.372524619102478,0.018425986170768738,0.00034549150281252633,1.387454628944397,1.3715165853500366,0.015938080847263336,9.549150281252633e-05,51.98281960346382,1.3746224641799927,1.373760461807251,0.0008619597647339106
140,1.45343017578125,1.373760461807251,0.07966965436935425,0.001,1.418701171875,1.3734456300735474,0.04525548964738846,0.0009045084971874737,1.405821442604065,1.3717681169509888,0.03405331075191498,0.0006545084971874737,1.396876335144043,1.3701804876327515,0.026695862412452698,0.00034549150281252633,1.393409252166748,1.369188904762268,0.024220360442996025,9.549150281252633e-05,50.32561507324599,1.3722527027130127,1.371375322341919,0.0008773870067670941
141,1.4435110092163086,1.371375322341919,0.07213567197322845,0.001,1.4153649806976318,1.371069073677063,0.044295862317085266,0.0009045084971874737,1.399496078491211,1.3692868947982788,0.030209137126803398,0.0006545084971874737,1.392777442932129,1.367714524269104,0.025062918663024902,0.00034549150281252633,1.389893889427185,1.3667235374450684,0.023170404136180878,9.549150281252633e-05,49.810344676331745,1.3697634935379028,1.368903398513794,0.0008600475848652422
142,1.43648099899292,1.368903398513794,0.0675775408744812,0.001,1.4097259044647217,1.3686022758483887,0.041123609989881516,0.0009045084971874737,1.3952146768569946,1.3667851686477661,0.02842947095632553,0.0006545084971874737,1.38734769821167,1.3652410507202148,0.022106701508164406,0.00034549150281252633,1.3851664066314697,1.3642350435256958,0.020931413397192955,9.549150281252633e-05,50.21459036782667,1.3673049211502075,1.366458535194397,0.0008463544072583318
143,1.4408636093139648,1.366458535194397,0.07440511882305145,0.001,1.407170295715332,1.3661435842514038,0.04102666676044464,0.0009045084971874737,1.3951020240783691,1.3645076751708984,0.030594363808631897,0.0006545084971874737,1.3879064321517944,1.3629536628723145,0.024952728301286697,0.00034549150281252633,1.3834271430969238,1.361966848373413,0.021460287272930145,9.549150281252633e-05,49.78494980122507,1.3649754524230957,1.3641059398651123,0.0008694654097780585
144,1.4447786808013916,1.3641059398651123,0.08067269623279572,0.001,1.409172773361206,1.3637927770614624,0.045379940420389175,0.0009045084971874737,1.3945016860961914,1.3622610569000244,0.03224056959152222,0.0006545084971874737,1.388666033744812,1.3606750965118408,0.027990970760583878,0.00034549150281252633,1.3834521770477295,1.3597090244293213,0.02374310791492462,9.549150281252633e-05,49.05820444864709,1.3626387119293213,1.36176335811615,0.0008753008441999555
145,1.4354192018508911,1.36176335811615,0.07365589588880539,0.001,1.514892816543579,1.3615649938583374,0.1533278077840805,0.0009045084971874737,1.3992172479629517,1.3599154949188232,0.03930172324180603,0.0006545084971874737,1.3907920122146606,1.3583316802978516,0.032460324466228485,0.00034549150281252633,1.3843567371368408,1.357357144355774,0.026999548077583313,9.549150281252633e-05,50.70540405816297,1.3602290153503418,1.3593776226043701,0.0008514315122738481
146,1.4411582946777344,1.3593776226043701,0.08178072422742844,0.001,1.4091362953186035,1.3592753410339355,0.049860961735248566,0.0009045084971874737,1.396979570388794,1.3576709032058716,0.03930869698524475,0.0006545084971874737,1.3862510919570923,1.3560608625411987,0.03019026666879654,0.00034549150281252633,1.3830466270446777,1.3550556898117065,0.02799099311232567,9.549150281252633e-05,50.48129947944927,1.3579301834106445,1.3570719957351685,0.0008581805741414428
147,1.4285988807678223,1.3570719957351685,0.07152692973613739,0.001,1.394506573677063,1.356956124305725,0.03755040466785431,0.0009045084971874737,1.382772445678711,1.3554109334945679,0.027361541986465454,0.0006545084971874737,1.3762037754058838,1.3538062572479248,0.022397464141249657,0.00034549150281252633,1.3735271692276,1.352817177772522,0.020710039883852005,9.549150281252633e-05,49.454574366605755,1.3556499481201172,1.3547871112823486,0.0008628172799944878
148,1.4419615268707275,1.3547871112823486,0.08717438578605652,0.001,1.4057607650756836,1.3546112775802612,0.05114954710006714,0.0009045084971874737,1.390622854232788,1.3530383110046387,0.03758452087640762,0.0006545084971874737,1.3810820579528809,1.3514935970306396,0.029588479548692703,0.00034549150281252633,1.3783900737762451,1.350502848625183,0.02788728103041649,9.549150281252633e-05,48.985615070152086,1.3533512353897095,1.352492094039917,0.0008591915247961879
149,1.4373611211776733,1.352492094039917,0.08486901968717575,0.001,1.4066144227981567,1.3523746728897095,0.054239705204963684,0.0009045084971874737,1.3886750936508179,1.3507474660873413,0.03792762756347656,0.0006545084971874737,1.3802952766418457,1.349279522895813,0.0310157909989357,0.00034549150281252633,1.3759163618087769,1.3483257293701172,0.02759062498807907,9.549150281252633e-05,48.56848039802098,1.351087212562561,1.3502323627471924,0.0008548545883968472
150,1.419970989227295,1.3502323627471924,0.06973868608474731,0.001,1.3849979639053345,1.3500694036483765,0.034928515553474426,0.0009045084971874737,1.374367356300354,1.34857177734375,0.025795556604862213,0.0006545084971874737,1.3682337999343872,1.3470678329467773,0.0211660023778677,0.00034549150281252633,1.3643090724945068,1.3461205959320068,0.01818845048546791,9.549150281252633e-05,50.050429673964935,1.3487929105758667,1.347956657409668,0.0008362455409951508
151,1.4294756650924683,1.347956657409668,0.08151895552873611,0.001,1.398512840270996,1.3478997945785522,0.05061300843954086,0.0009045084971874737,1.3801333904266357,1.3463908433914185,0.033742573112249374,0.0006545084971874737,1.372648000717163,1.344938039779663,0.027709903195500374,0.00034549150281252633,1.36970055103302,1.3439823389053345,0.025718173012137413,9.549150281252633e-05,49.381977258333784,1.346617341041565,1.3457757234573364,0.0008416372584179044
152,1.415900468826294,1.3457757234573364,0.07012469321489334,0.001,1.3818085193634033,1.3458267450332642,0.03598179668188095,0.0009045084971874737,1.368384838104248,1.3441312313079834,0.02425355464220047,0.0006545084971874737,1.3626405000686646,1.3426216840744019,0.02001876011490822,0.00034549150281252633,1.3586180210113525,1.341678500175476,0.016939548775553703,9.549150281252633e-05,50.179280132932206,1.3443604707717896,1.343525767326355,0.000834696227684617
153,1.4208760261535645,1.343525767326355,0.07735025882720947,0.001,1.3881206512451172,1.343385100364685,0.04473554715514183,0.0009045084971874737,1.3742096424102783,1.341881275177002,0.03232838958501816,0.0006545084971874737,1.3667300939559937,1.3404827117919922,0.026247365400195122,0.00034549150281252633,1.3629992008209229,1.339532494544983,0.023466764017939568,9.549150281252633e-05,49.47288207202204,1.3421660661697388,1.3413231372833252,0.0008428703295066953
154,1.4048103094100952,1.3413231372833252,0.06348720192909241,0.001,1.3716713190078735,1.341343641281128,0.030327629297971725,0.0009045084971874737,1.3629069328308105,1.3397622108459473,0.02314472571015358,0.0006545084971874737,1.357566237449646,1.3382790088653564,0.01928728260099888,0.00034549150281252633,1.3543423414230347,1.3373453617095947,0.01699702814221382,9.549150281252633e-05,50.261977702432205,1.3400088548660278,1.3391667604446411,0.0008420415688306093
155,1.4100730419158936,1.3391667604446411,0.07090630382299423,0.001,1.381864070892334,1.3390460014343262,0.04281807318329811,0.0009045084971874737,1.3662229776382446,1.3376131057739258,0.028609884902834892,0.0006545084971874737,1.3588799238204956,1.3362185955047607,0.0226613599807024,0.00034549150281252633,1.3554065227508545,1.3352701663970947,0.020136311650276184,9.549150281252633e-05,50.062001479814356,1.3378398418426514,1.3370035886764526,0.0008362318039871752
156,1.4111632108688354,1.3370035886764526,0.0741596445441246,0.001,1.3835614919662476,1.3370916843414307,0.04646984487771988,0.0009045084971874737,1.3699067831039429,1.3354263305664062,0.03448047488927841,0.0006545084971874737,1.3589228391647339,1.3339147567749023,0.025008082389831543,0.00034549150281252633,1.355580449104309,1.332963228225708,0.022617213428020477,9.549150281252633e-05,51.00495445534317,1.335634708404541,1.3348100185394287,0.0008246470824815333
157,1.3969929218292236,1.3348100185394287,0.06218291074037552,0.001,1.3727055788040161,1.33468759059906,0.038018032908439636,0.0009045084971874737,1.35921049118042,1.3332006931304932,0.02600981295108795,0.0006545084971874737,1.353472113609314,1.3318520784378052,0.021619979292154312,0.00034549150281252633,1.3505035638809204,1.330905795097351,0.01959778368473053,9.549150281252633e-05,51.43880052250465,1.3334697484970093,1.3326548337936401,0.0008148597553372383
158,1.4146984815597534,1.3326548337936401,0.0820436030626297,0.001,1.3783234357833862,1.332757592201233,0.04556579887866974,0.0009045084971874737,1.3650444746017456,1.331152319908142,0.03389210253953934,0.0006545084971874737,1.3568156957626343,1.3297479152679443,0.02706773579120636,0.00034549150281252633,1.3520811796188354,1.328818440437317,0.02326277643442154,9.549150281252633e-05,50.44584048461215,1.3313448429107666,1.330520749092102,0.0008241287432610989
159,1.4085156917572021,1.330520749092102,0.07799495756626129,0.001,1.3727585077285767,1.3306291103363037,0.04212937876582146,0.0009045084971874737,1.3615072965621948,1.3292385339736938,0.03226879984140396,0.0006545084971874737,1.3537211418151855,1.327901840209961,0.025819340720772743,0.00034549150281252633,1.3497713804244995,1.327019453048706,0.02275189198553562,9.549150281252633e-05,50.886971968041394,1.3293944597244263,1.3285648822784424,0.0008295925799757242
160,1.3917142152786255,1.3285648822784424,0.06314930319786072,0.001,1.3627125024795532,1.328477382659912,0.03423507511615753,0.0009045084971874737,1.3501237630844116,1.3271063566207886,0.023017438128590584,0.0006545084971874737,1.3449140787124634,1.3257049322128296,0.019209153950214386,0.00034549150281252633,1.341577172279358,1.3248412609100342,0.016735870391130447,9.549150281252633e-05,51.841103438247536,1.3273366689682007,1.3265103101730347,0.000826320901978761
161,1.3941304683685303,1.3265103101730347,0.06762021780014038,0.001,1.3588166236877441,1.326629638671875,0.032187044620513916,0.0009045084971874737,1.346888780593872,1.3250993490219116,0.02178945392370224,0.0006545084971874737,1.340572476387024,1.3236336708068848,0.01693876087665558,0.00034549150281252633,1.3373231887817383,1.3227519989013672,0.014571219682693481,9.549150281252633e-05,53.57095930903954,1.3252384662628174,1.3244454860687256,0.0007930299616418779
162,1.379143238067627,1.3244454860687256,0.05469778552651405,0.001,1.3558586835861206,1.3246028423309326,0.0312558114528656,0.0009045084971874737,1.3450008630752563,1.3231723308563232,0.021828509867191315,0.0006545084971874737,1.3407413959503174,1.3217895030975342,0.018951859325170517,0.00034549150281252633,1.3374541997909546,1.3208948373794556,0.016559327021241188,9.549150281252633e-05,53.32286067430567,1.3232288360595703,1.322425365447998,0.0008034269558265805
163,1.3750308752059937,1.322425365447998,0.052605487406253815,0.001,1.3526225090026855,1.3225834369659424,0.030039023607969284,0.0009045084971874737,1.3415733575820923,1.3213019371032715,0.02027137577533722,0.0006545084971874737,1.3367799520492554,1.3197979927062988,0.01698201149702072,0.00034549150281252633,1.334015965461731,1.3189038038253784,0.015112103894352913,9.549150281252633e-05,52.60036643158792,1.3212430477142334,1.3204253911972046,0.0008176388218998909
164,1.3913253545761108,1.3204253911972046,0.07089998573064804,0.001,1.3560086488723755,1.3205596208572388,0.035448987036943436,0.0009045084971874737,1.345203161239624,1.3191001415252686,0.02610303834080696,0.0006545084971874737,1.3370013236999512,1.317696452140808,0.019304923713207245,0.00034549150281252633,1.3352323770523071,1.3168063163757324,0.018426071852445602,9.549150281252633e-05,51.41948698978241,1.319204568862915,1.3183883428573608,0.0008161842124536633
165,1.3708829879760742,1.3183883428573608,0.05249462276697159,0.001,1.3393620252609253,1.3184938430786133,0.02086823619902134,0.0009045084971874737,1.332445740699768,1.317178726196289,0.015267038717865944,0.0006545084971874737,1.3288450241088867,1.3157964944839478,0.013048587366938591,0.00034549150281252633,1.3261343240737915,1.3148953914642334,0.011238900944590569,9.549150281252633e-05,52.345604668014964,1.317188024520874,1.3163902759552002,0.00079777289647609
166,1.3863431215286255,1.3163902759552002,0.06995286792516708,0.001,1.348491907119751,1.3165674209594727,0.03192451596260071,0.0009045084971874737,1.3394001722335815,1.3152204751968384,0.02417975291609764,0.0006545084971874737,1.3339263200759888,1.3138277530670166,0.020098529756069183,0.00034549150281252633,1.3305566310882568,1.312959909439087,0.017596691846847534,9.549150281252633e-05,52.65715718187507,1.3152058124542236,1.3144127130508423,0.0007930889842100441
167,1.380213975906372,1.3144127130508423,0.06580125540494919,0.001,1.3511728048324585,1.3146636486053467,0.03650916367769241,0.0009045084971874737,1.3383314609527588,1.313288927078247,0.02504253014922142,0.0006545084971874737,1.3347247838974,1.311984896659851,0.022739870473742485,0.00034549150281252633,1.3303440809249878,1.3110889196395874,0.01925516501069069,9.549150281252633e-05,53.09158333523679,1.3132712841033936,1.3124717473983765,0.000799517729319632
168,1.3719525337219238,1.3124717473983765,0.05948077142238617,0.001,1.3476265668869019,1.312652349472046,0.03497423231601715,0.0009045084971874737,1.335044503211975,1.3113338947296143,0.02371058613061905,0.0006545084971874737,1.3291547298431396,1.3100188970565796,0.01913585141301155,0.00034549150281252633,1.3255335092544556,1.3091267347335815,0.016406718641519547,9.549150281252633e-05,52.421897826577045,1.3113526105880737,1.310542345046997,0.000810308731161058
169,1.3722807168960571,1.310542345046997,0.06173834204673767,0.001,1.348084807395935,1.310813546180725,0.037271223962306976,0.0009045084971874737,1.457926630973816,1.3094730377197266,0.14845356345176697,0.0006545084971874737,1.3324000835418701,1.308196783065796,0.024203285574913025,0.00034549150281252633,1.329561710357666,1.3072731494903564,0.02228851243853569,9.549150281252633e-05,51.295696369063734,1.3094782829284668,1.3086405992507935,0.0008377139456570148
170,1.383749008178711,1.3086405992507935,0.07510837912559509,0.001,1.3488949537277222,1.3088785409927368,0.04001641273498535,0.0009045084971874737,1.337615966796875,1.307651162147522,0.029964838176965714,0.0006545084971874737,1.3298472166061401,1.3062747716903687,0.0235724076628685,0.00034549150281252633,1.3268033266067505,1.3053562641143799,0.021447088569402695,9.549150281252633e-05,51.77454807549644,1.3075639009475708,1.3067511320114136,0.0008128206245601177
171,1.3681232929229736,1.3067511320114136,0.06137218326330185,0.001,1.343875765800476,1.3070764541625977,0.03679925948381424,0.0009045084971874737,1.3336772918701172,1.3058149814605713,0.0278623104095459,0.0006545084971874737,1.3256741762161255,1.304384469985962,0.021289672702550888,0.00034549150281252633,1.322102427482605,1.3035109043121338,0.01859155111014843,9.549150281252633e-05,53.85502252670381,1.3056964874267578,1.3049209117889404,0.0007755635306239128
172,1.3767532110214233,1.3049209117889404,0.07183229923248291,0.001,1.3440803289413452,1.3050082921981812,0.039072006940841675,0.0009045084971874737,1.3307863473892212,1.3038116693496704,0.026974733918905258,0.0006545084971874737,1.3253915309906006,1.3026541471481323,0.02273738756775856,0.00034549150281252633,1.3209203481674194,1.301803469657898,0.01911686360836029,9.549150281252633e-05,52.66679518081191,1.3038395643234253,1.3030537366867065,0.0007858362514525652
173,1.368198037147522,1.3030537366867065,0.06514427810907364,0.001,1.335693120956421,1.3033820390701294,0.03231107443571091,0.0009045084971874737,1.3254187107086182,1.3021223545074463,0.023296404629945755,0.0006545084971874737,1.318142056465149,1.3007731437683105,0.01736895740032196,0.00034549150281252633,1.3161323070526123,1.2999523878097534,0.016179967671632767,9.549150281252633e-05,52.7175200403055,1.302018642425537,1.3012290000915527,0.000789597281254828
174,1.3579798936843872,1.3012290000915527,0.05675086751580238,0.001,1.3309519290924072,1.3014241456985474,0.02952776476740837,0.0009045084971874737,1.3216599225997925,1.3003019094467163,0.021358050405979156,0.0006545084971874737,1.3152475357055664,1.299028754234314,0.01621878147125244,0.00034549150281252633,1.313120722770691,1.2981781959533691,0.014942485839128494,9.549150281252633e-05,51.98330484586715,1.3001900911331177,1.299399733543396,0.000790319696534425
175,1.356629490852356,1.299399733543396,0.05722976475954056,0.001,1.3301407098770142,1.299682378768921,0.030458275228738785,0.0009045084971874737,1.3189666271209717,1.2984446287155151,0.020521987229585648,0.0006545084971874737,1.3135783672332764,1.2971686124801636,0.016409743577241898,0.00034549150281252633,1.3105710744857788,1.296363115310669,0.014207981526851654,9.549150281252633e-05,51.84058428989179,1.2983986139297485,1.2976058721542358,0.0007927427068352699
176,1.3624831438064575,1.2976058721542358,0.06487727910280228,0.001,1.3310908079147339,1.2979215383529663,0.03316929563879967,0.0009045084971874737,1.3211097717285156,1.2968523502349854,0.024257373064756393,0.0006545084971874737,1.3157386779785156,1.2956249713897705,0.02011372148990631,0.00034549150281252633,1.3132997751235962,1.2947725057601929,0.01852729544043541,9.549150281252633e-05,51.591755168457645,1.2967382669448853,1.2959147691726685,0.0008235287969000638
177,1.363701581954956,1.2959147691726685,0.06778686493635178,0.001,1.3308348655700684,1.2962210178375244,0.03461384028196335,0.0009045084971874737,1.3177006244659424,1.2950488328933716,0.022651778534054756,0.0006545084971874737,1.3125700950622559,1.293902039527893,0.01866806484758854,0.00034549150281252633,1.3091269731521606,1.2930649518966675,0.016061995178461075,9.549150281252633e-05,52.779338363738596,1.294934868812561,1.2941473722457886,0.0007874947041273117
178,1.367978572845459,1.2941473722457886,0.07383117079734802,0.001,1.3317281007766724,1.2944048643112183,0.0373232327401638,0.0009045084971874737,1.3190785646438599,1.2932178974151611,0.025860615074634552,0.0006545084971874737,1.3129630088806152,1.2920467853546143,0.020916171371936798,0.00034549150281252633,1.3093341588974,1.2912604808807373,0.018073637038469315,9.549150281252633e-05,52.88203428085517,1.2931476831436157,1.2923657894134521,0.0007818375015631318
179,1.3540441989898682,1.2923657894134521,0.061678435653448105,0.001,1.322104811668396,1.2926925420761108,0.02941226400434971,0.0009045084971874737,1.3132257461547852,1.2915868759155273,0.021638814359903336,0.0006545084971874737,1.3077774047851562,1.2903997898101807,0.017377633601427078,0.00034549150281252633,1.3041534423828125,1.289574146270752,0.01457931287586689,9.549150281252633e-05,53.58538286727126,1.291420340538025,1.2906460762023926,0.000774205313064158
180,1.3429795503616333,1.2906460762023926,0.05233342573046684,0.001,1.3195277452468872,1.2910648584365845,0.028462866321206093,0.0009045084971874737,1.3104923963546753,1.289929747581482,0.020562607795000076,0.0006545084971874737,1.304792046546936,1.2887182235717773,0.01607385091483593,0.00034549150281252633,1.3015061616897583,1.2878837585449219,0.013622457161545753,9.549150281252633e-05,53.14548225468075,1.2897180318832397,1.2889426946640015,0.0007753469981253147
181,1.3476837873458862,1.2889426946640015,0.05874112993478775,0.001,1.3238985538482666,1.2894500494003296,0.03444848582148552,0.0009045084971874737,1.3101065158843994,1.2883424758911133,0.021764088422060013,0.0006545084971874737,1.3046646118164062,1.2870994806289673,0.01756509393453598,0.00034549150281252633,1.3018866777420044,1.286263108253479,0.015623543411493301,9.549150281252633e-05,52.99441758379224,1.288064956665039,1.2872750759124756,0.0007899269694462419
182,1.3491801023483276,1.2872750759124756,0.06190507486462593,0.001,1.320165991783142,1.2877016067504883,0.032464440912008286,0.0009045084971874737,1.3093726634979248,1.2865279912948608,0.022844726219773293,0.0006545084971874737,1.3043941259384155,1.285326361656189,0.01906776614487171,0.00034549150281252633,1.3008553981781006,1.2845518589019775,0.01630348153412342,9.549150281252633e-05,53.10863394830453,1.2863707542419434,1.2855876684188843,0.0007831326220184565
183,1.3519943952560425,1.2855876684188843,0.0664067268371582,0.001,1.3255910873413086,1.2859984636306763,0.03959263861179352,0.0009045084971874737,1.3102014064788818,1.2848881483078003,0.025313248857855797,0.0006545084971874737,1.305404543876648,1.2837523221969604,0.021652227267622948,0.00034549150281252633,1.3006478548049927,1.282985806465149,0.01766199618577957,9.549150281252633e-05,54.19348715278877,1.2847225666046143,1.2839562892913818,0.0007663310971111059
184,1.3345701694488525,1.2839562892913818,0.050613872706890106,0.001,1.3128514289855957,1.2843902111053467,0.028461232781410217,0.0009045084971874737,1.3010395765304565,1.2832406759262085,0.01779884286224842,0.0006545084971874737,1.295862078666687,1.2821168899536133,0.013745238073170185,0.00034549150281252633,1.2932791709899902,1.2813382148742676,0.011940913274884224,9.549150281252633e-05,53.949598022820936,1.2830586433410645,1.2822922468185425,0.00076636066660285
185,1.345426321029663,1.2822922468185425,0.06313401460647583,0.001,1.3151925802230835,1.2827777862548828,0.03241484612226486,0.0009045084971874737,1.3050403594970703,1.281756043434143,0.02328432723879814,0.0006545084971874737,1.2994016408920288,1.2805109024047852,0.018890701234340668,0.00034549150281252633,1.2968316078186035,1.2797285318374634,0.017103133723139763,9.549150281252633e-05,52.7753576483419,1.2814404964447021,1.2806673049926758,0.0007731517544016242
186,1.3485766649246216,1.2806673049926758,0.06790930777788162,0.001,1.3143494129180908,1.2811774015426636,0.03317195922136307,0.0009045084971874737,1.3023163080215454,1.2799769639968872,0.022339319810271263,0.0006545084971874737,1.2991390228271484,1.2788084745407104,0.02033054083585739,0.00034549150281252633,1.2953654527664185,1.2780619859695435,0.017303504049777985,9.549150281252633e-05,52.80895794121142,1.2798678874969482,1.2790817022323608,0.0007861458580009639
187,1.342616081237793,1.2790817022323608,0.06353434175252914,0.001,1.3142454624176025,1.2794909477233887,0.03475455567240715,0.0009045084971874737,1.3004052639007568,1.278408169746399,0.021997053176164627,0.0006545084971874737,1.2949588298797607,1.2772719860076904,0.017686806619167328,0.00034549150281252633,1.2919933795928955,1.276507019996643,0.015486315824091434,9.549150281252633e-05,52.583435342707105,1.278247356414795,1.2774511575698853,0.0007962357485666871
188,1.3480374813079834,1.2774511575698853,0.07058629393577576,0.001,1.3163715600967407,1.2779496908187866,0.03842191398143768,0.0009045084971874737,1.303221344947815,1.276885986328125,0.026335371658205986,0.0006545084971874737,1.297705054283142,1.2758394479751587,0.021865658462047577,0.00034549150281252633,1.293272852897644,1.275061845779419,0.018210984766483307,9.549150281252633e-05,51.871646721171615,1.276707410812378,1.2759038209915161,0.0008035559440031648
189,1.3372918367385864,1.2759038209915161,0.06138797104358673,0.001,1.3075393438339233,1.2763372659683228,0.031202076002955437,0.0009045084971874737,1.2960275411605835,1.275221347808838,0.020806189626455307,0.0006545084971874737,1.2914204597473145,1.2741721868515015,0.017248231917619705,0.00034549150281252633,1.2883394956588745,1.273398756980896,0.014940757304430008,9.549150281252633e-05,52.732048668934475,1.275080919265747,1.2742935419082642,0.0007873650174587965
190,1.337180733680725,1.2742935419082642,0.06288720667362213,0.001,1.307548999786377,1.2747842073440552,0.032764773815870285,0.0009045084971874737,1.298677921295166,1.273858904838562,0.02481900528073311,0.0006545084971874737,1.2915875911712646,1.2728171348571777,0.018770413473248482,0.00034549150281252633,1.287790298461914,1.272030234336853,0.015760093927383423,9.549150281252633e-05,52.533699559445914,1.273579716682434,1.2727835178375244,0.0007962208474054933
191,1.327217936515808,1.2727835178375244,0.054434411227703094,0.001,1.3002309799194336,1.2731704711914062,0.02706046961247921,0.0009045084971874737,1.2912490367889404,1.2723051309585571,0.01894395425915718,0.0006545084971874737,1.285144567489624,1.2711665630340576,0.013978036120533943,0.00034549150281252633,1.2833880186080933,1.270379900932312,0.013008133508265018,9.549150281252633e-05,52.7878185571445,1.2720504999160767,1.2712723016738892,0.0007782425964251161
192,1.3343901634216309,1.2712723016738892,0.06311789155006409,0.001,1.3075807094573975,1.271688461303711,0.03589223325252533,0.0009045084971874737,1.2965099811553955,1.2706676721572876,0.025842301547527313,0.0006545084971874737,1.2904837131500244,1.2695839405059814,0.020899735391139984,0.00034549150281252633,1.2877686023712158,1.2687875032424927,0.018981140106916428,9.549150281252633e-05,54.198400193869155,1.2704112529754639,1.2696399688720703,0.0007713325321674347
193,1.33243989944458,1.2696399688720703,0.06279993057250977,0.001,1.3076003789901733,1.2703577280044556,0.03724260628223419,0.0009045084971874737,1.2953687906265259,1.2693767547607422,0.025992069393396378,0.0006545084971874737,1.2892844676971436,1.2683069705963135,0.020977497100830078,0.00034549150281252633,1.2854117155075073,1.2675670385360718,0.01784472167491913,9.549150281252633e-05,53.438899704980294,1.2689838409423828,1.268215537071228,0.0007683346047997475
194,1.3341271877288818,1.268215537071228,0.06591165065765381,0.001,1.3094828128814697,1.2688500881195068,0.04063275456428528,0.0009045084971874737,1.2949538230895996,1.2678921222686768,0.0270617064088583,0.0006545084971874737,1.2886894941329956,1.26678466796875,0.021904800087213516,0.00034549150281252633,1.2859618663787842,1.2660117149353027,0.019950196146965027,9.549150281252633e-05,53.544569819627576,1.2675096988677979,1.2667460441589355,0.0007636427180841565
195,1.3380627632141113,1.2667460441589355,0.0713166892528534,0.001,1.3064519166946411,1.2672476768493652,0.039204224944114685,0.0009045084971874737,1.2924168109893799,1.2662769556045532,0.026139816269278526,0.0006545084971874737,1.2874970436096191,1.265250325202942,0.02224671095609665,0.00034549150281252633,1.2843416929244995,1.2645207643508911,0.019820909947156906,9.549150281252633e-05,53.21210724967731,1.2660139799118042,1.265251636505127,0.0007623567944392562
196,1.3195149898529053,1.265251636505127,0.054263364523649216,0.001,1.2890340089797974,1.2659589052200317,0.023075107485055923,0.0009045084971874737,1.2811036109924316,1.2648892402648926,0.016214314848184586,0.0006545084971874737,1.2768293619155884,1.2638837099075317,0.012945692986249924,0.00034549150281252633,1.2746182680130005,1.263129472732544,0.011488793417811394,9.549150281252633e-05,52.81141635853038,1.2645971775054932,1.2638239860534668,0.0007731642108410597
197,1.3226381540298462,1.2638239860534668,0.058814212679862976,0.001,1.292765736579895,1.2643980979919434,0.028367696329951286,0.0009045084971874737,1.283207893371582,1.2635698318481445,0.019638042896986008,0.0006545084971874737,1.2780216932296753,1.2624980211257935,0.0155236991122365,0.00034549150281252633,1.2758687734603882,1.2617565393447876,0.014112209901213646,9.549150281252633e-05,53.43803975929157,1.2631510496139526,1.2624024152755737,0.0007486368995159864
198,1.3291908502578735,1.2624024152755737,0.06678847968578339,0.001,1.3011260032653809,1.262954592704773,0.038171350955963135,0.0009045084971874737,1.2867634296417236,1.2619737386703491,0.024789713323116302,0.0006545084971874737,1.2803725004196167,1.2608799934387207,0.019492562860250473,0.00034549150281252633,1.2788437604904175,1.2601553201675415,0.018688391894102097,9.549150281252633e-05,53.62030019316587,1.2616353034973145,1.2608861923217773,0.000749165890738368
199,1.3145297765731812,1.2608861923217773,0.05364362150430679,0.001,1.2889920473098755,1.2613362073898315,0.02765587344765663,0.0009045084971874737,1.2800837755203247,1.2605020999908447,0.01958170160651207,0.0006545084971874737,1.2748106718063354,1.259516954421997,0.015293681994080544,0.00034549150281252633,1.2720245122909546,1.258800745010376,0.013223736546933651,9.549150281252633e-05,54.51541341290865,1.2602534294128418,1.2595018148422241,0.0007516253390349448
200,1.3323218822479248,1.2595018148422241,0.07282011210918427,0.001,1.2941533327102661,1.2601178884506226,0.03403545916080475,0.0009045084971874737,1.279976725578308,1.2593238353729248,0.020652908831834793,0.0006545084971874737,1.2738896608352661,1.2582515478134155,0.01563810370862484,0.00034549150281252633,1.2711875438690186,1.2575100660324097,0.013677512295544147,9.549150281252633e-05,53.754750310570806,1.258844256401062,1.2580920457839966,0.0007522567175328732
